Analysis,Statistic,Effect Size,P-value,Interpretation
Descriptive Statistics,105 worms (35/group),-,-,Balanced experimental design
Chi-square Test,χ² = 28.366,Large,<0.000001,Strong association between dose and phenotype
Cramer's V,V = 0.520,Large,-,Large association
Kruskal-Wallis Test,H = 23.750,-,0.000007,Severity differs across groups
Dunn's Post Hoc,"0–50, 0–100 significant",-,0.0046 / 0.000005,Control differs from treated groups
Binary Logistic Regression,β = -1.480,OR = 0.228,<0.001,Dose lowers odds of MUV
Ordinal Logistic Regression,β = -1.081,OR = 0.339,-,Dose lowers severity
Bootstrap Validation,Bootstrap OR = 0.226,95% CI: 0.106–0.377,-,Model is robust
Fisher Exact (0 vs 50),OR = 6.444,ARR = 0.400,0.001093,50 µM significantly reduces risk
Fisher Exact (0 vs 100),OR = 19.333,ARR = 0.629,<0.000001,100 µM strongly reduces risk
Fisher Exact (50 vs 100),OR = 3.000,ARR = 0.229,0.070287,Trend only; not statistically significant
