source_row,TQ,Muv,original_prevalence,LOO_prevalence,absolute_change
2,0,0,0.9052631578947369,0.9148936170212766,0.009630459126539703
3,0,1,0.9052631578947369,0.9042553191489362,-0.0010078387458006821
4,0,1,0.9052631578947369,0.9042553191489362,-0.0010078387458006821
5,0,1,0.9052631578947369,0.9042553191489362,-0.0010078387458006821
6,0,1,0.9052631578947369,0.9042553191489362,-0.0010078387458006821
7,0,1,0.9052631578947369,0.9042553191489362,-0.0010078387458006821
8,0,1,0.9052631578947369,0.9042553191489362,-0.0010078387458006821
9,0,1,0.9052631578947369,0.9042553191489362,-0.0010078387458006821
10,0,0,0.9052631578947369,0.9148936170212766,0.009630459126539703
11,0,1,0.9052631578947369,0.9042553191489362,-0.0010078387458006821
12,0,1,0.9052631578947369,0.9042553191489362,-0.0010078387458006821
13,0,1,0.9052631578947369,0.9042553191489362,-0.0010078387458006821
14,0,1,0.9052631578947369,0.9042553191489362,-0.0010078387458006821
15,0,1,0.9052631578947369,0.9042553191489362,-0.0010078387458006821
16,0,1,0.9052631578947369,0.9042553191489362,-0.0010078387458006821
17,0,1,0.9052631578947369,0.9042553191489362,-0.0010078387458006821
18,0,1,0.9052631578947369,0.9042553191489362,-0.0010078387458006821
19,0,1,0.9052631578947369,0.9042553191489362,-0.0010078387458006821
20,0,1,0.9052631578947369,0.9042553191489362,-0.0010078387458006821
21,0,0,0.9052631578947369,0.9148936170212766,0.009630459126539703
22,0,0,0.9052631578947369,0.9148936170212766,0.009630459126539703
23,0,1,0.9052631578947369,0.9042553191489362,-0.0010078387458006821
24,0,1,0.9052631578947369,0.9042553191489362,-0.0010078387458006821
25,0,1,0.9052631578947369,0.9042553191489362,-0.0010078387458006821
26,0,1,0.9052631578947369,0.9042553191489362,-0.0010078387458006821
27,0,0,0.9052631578947369,0.9148936170212766,0.009630459126539703
28,0,1,0.9052631578947369,0.9042553191489362,-0.0010078387458006821
29,0,1,0.9052631578947369,0.9042553191489362,-0.0010078387458006821
30,0,1,0.9052631578947369,0.9042553191489362,-0.0010078387458006821
31,0,1,0.9052631578947369,0.9042553191489362,-0.0010078387458006821
32,0,1,0.9052631578947369,0.9042553191489362,-0.0010078387458006821
33,0,1,0.9052631578947369,0.9042553191489362,-0.0010078387458006821
34,0,1,0.9052631578947369,0.9042553191489362,-0.0010078387458006821
35,0,0,0.9052631578947369,0.9148936170212766,0.009630459126539703
36,0,1,0.9052631578947369,0.9042553191489362,-0.0010078387458006821
37,0,1,0.9052631578947369,0.9042553191489362,-0.0010078387458006821
38,0,1,0.9052631578947369,0.9042553191489362,-0.0010078387458006821
39,0,1,0.9052631578947369,0.9042553191489362,-0.0010078387458006821
40,0,1,0.9052631578947369,0.9042553191489362,-0.0010078387458006821
41,0,1,0.9052631578947369,0.9042553191489362,-0.0010078387458006821
42,0,1,0.9052631578947369,0.9042553191489362,-0.0010078387458006821
43,0,1,0.9052631578947369,0.9042553191489362,-0.0010078387458006821
44,0,1,0.9052631578947369,0.9042553191489362,-0.0010078387458006821
45,0,0,0.9052631578947369,0.9148936170212766,0.009630459126539703
46,0,0,0.9052631578947369,0.9148936170212766,0.009630459126539703
47,0,1,0.9052631578947369,0.9042553191489362,-0.0010078387458006821
48,0,1,0.9052631578947369,0.9042553191489362,-0.0010078387458006821
49,0,1,0.9052631578947369,0.9042553191489362,-0.0010078387458006821
50,0,1,0.9052631578947369,0.9042553191489362,-0.0010078387458006821
51,0,1,0.9052631578947369,0.9042553191489362,-0.0010078387458006821
52,0,1,0.9052631578947369,0.9042553191489362,-0.0010078387458006821
53,0,1,0.9052631578947369,0.9042553191489362,-0.0010078387458006821
54,0,1,0.9052631578947369,0.9042553191489362,-0.0010078387458006821
55,0,1,0.9052631578947369,0.9042553191489362,-0.0010078387458006821
56,0,1,0.9052631578947369,0.9042553191489362,-0.0010078387458006821
57,0,1,0.9052631578947369,0.9042553191489362,-0.0010078387458006821
58,0,1,0.9052631578947369,0.9042553191489362,-0.0010078387458006821
59,0,1,0.9052631578947369,0.9042553191489362,-0.0010078387458006821
60,0,1,0.9052631578947369,0.9042553191489362,-0.0010078387458006821
61,0,1,0.9052631578947369,0.9042553191489362,-0.0010078387458006821
62,0,1,0.9052631578947369,0.9042553191489362,-0.0010078387458006821
63,0,1,0.9052631578947369,0.9042553191489362,-0.0010078387458006821
64,0,1,0.9052631578947369,0.9042553191489362,-0.0010078387458006821
65,0,1,0.9052631578947369,0.9042553191489362,-0.0010078387458006821
66,0,1,0.9052631578947369,0.9042553191489362,-0.0010078387458006821
67,0,1,0.9052631578947369,0.9042553191489362,-0.0010078387458006821
68,0,1,0.9052631578947369,0.9042553191489362,-0.0010078387458006821
69,0,1,0.9052631578947369,0.9042553191489362,-0.0010078387458006821
70,0,1,0.9052631578947369,0.9042553191489362,-0.0010078387458006821
71,0,1,0.9052631578947369,0.9042553191489362,-0.0010078387458006821
72,0,1,0.9052631578947369,0.9042553191489362,-0.0010078387458006821
73,0,1,0.9052631578947369,0.9042553191489362,-0.0010078387458006821
74,0,1,0.9052631578947369,0.9042553191489362,-0.0010078387458006821
75,0,1,0.9052631578947369,0.9042553191489362,-0.0010078387458006821
76,0,1,0.9052631578947369,0.9042553191489362,-0.0010078387458006821
77,0,1,0.9052631578947369,0.9042553191489362,-0.0010078387458006821
78,0,1,0.9052631578947369,0.9042553191489362,-0.0010078387458006821
79,0,1,0.9052631578947369,0.9042553191489362,-0.0010078387458006821
80,0,1,0.9052631578947369,0.9042553191489362,-0.0010078387458006821
81,0,1,0.9052631578947369,0.9042553191489362,-0.0010078387458006821
82,0,1,0.9052631578947369,0.9042553191489362,-0.0010078387458006821
83,0,1,0.9052631578947369,0.9042553191489362,-0.0010078387458006821
84,0,1,0.9052631578947369,0.9042553191489362,-0.0010078387458006821
85,0,1,0.9052631578947369,0.9042553191489362,-0.0010078387458006821
86,0,1,0.9052631578947369,0.9042553191489362,-0.0010078387458006821
87,0,1,0.9052631578947369,0.9042553191489362,-0.0010078387458006821
88,0,1,0.9052631578947369,0.9042553191489362,-0.0010078387458006821
89,0,0,0.9052631578947369,0.9148936170212766,0.009630459126539703
90,0,1,0.9052631578947369,0.9042553191489362,-0.0010078387458006821
91,0,1,0.9052631578947369,0.9042553191489362,-0.0010078387458006821
92,0,1,0.9052631578947369,0.9042553191489362,-0.0010078387458006821
93,0,1,0.9052631578947369,0.9042553191489362,-0.0010078387458006821
94,0,1,0.9052631578947369,0.9042553191489362,-0.0010078387458006821
95,0,1,0.9052631578947369,0.9042553191489362,-0.0010078387458006821
96,0,1,0.9052631578947369,0.9042553191489362,-0.0010078387458006821
97,50,0,0.6120689655172413,0.6173913043478261,0.00532233883058475
98,50,0,0.6120689655172413,0.6173913043478261,0.00532233883058475
99,50,1,0.6120689655172413,0.6086956521739131,-0.0033733133433282436
100,50,1,0.6120689655172413,0.6086956521739131,-0.0033733133433282436
101,50,0,0.6120689655172413,0.6173913043478261,0.00532233883058475
102,50,0,0.6120689655172413,0.6173913043478261,0.00532233883058475
103,50,1,0.6120689655172413,0.6086956521739131,-0.0033733133433282436
104,50,1,0.6120689655172413,0.6086956521739131,-0.0033733133433282436
105,50,0,0.6120689655172413,0.6173913043478261,0.00532233883058475
106,50,0,0.6120689655172413,0.6173913043478261,0.00532233883058475
107,50,1,0.6120689655172413,0.6086956521739131,-0.0033733133433282436
108,50,1,0.6120689655172413,0.6086956521739131,-0.0033733133433282436
109,50,0,0.6120689655172413,0.6173913043478261,0.00532233883058475
110,50,1,0.6120689655172413,0.6086956521739131,-0.0033733133433282436
111,50,0,0.6120689655172413,0.6173913043478261,0.00532233883058475
112,50,0,0.6120689655172413,0.6173913043478261,0.00532233883058475
113,50,1,0.6120689655172413,0.6086956521739131,-0.0033733133433282436
114,50,0,0.6120689655172413,0.6173913043478261,0.00532233883058475
115,50,0,0.6120689655172413,0.6173913043478261,0.00532233883058475
116,50,0,0.6120689655172413,0.6173913043478261,0.00532233883058475
117,50,1,0.6120689655172413,0.6086956521739131,-0.0033733133433282436
118,50,0,0.6120689655172413,0.6173913043478261,0.00532233883058475
119,50,1,0.6120689655172413,0.6086956521739131,-0.0033733133433282436
120,50,0,0.6120689655172413,0.6173913043478261,0.00532233883058475
121,50,0,0.6120689655172413,0.6173913043478261,0.00532233883058475
122,50,1,0.6120689655172413,0.6086956521739131,-0.0033733133433282436
123,50,0,0.6120689655172413,0.6173913043478261,0.00532233883058475
124,50,1,0.6120689655172413,0.6086956521739131,-0.0033733133433282436
125,50,0,0.6120689655172413,0.6173913043478261,0.00532233883058475
126,50,0,0.6120689655172413,0.6173913043478261,0.00532233883058475
127,50,0,0.6120689655172413,0.6173913043478261,0.00532233883058475
128,50,1,0.6120689655172413,0.6086956521739131,-0.0033733133433282436
129,50,1,0.6120689655172413,0.6086956521739131,-0.0033733133433282436
130,50,1,0.6120689655172413,0.6086956521739131,-0.0033733133433282436
131,50,0,0.6120689655172413,0.6173913043478261,0.00532233883058475
132,50,0,0.6120689655172413,0.6173913043478261,0.00532233883058475
133,50,0,0.6120689655172413,0.6173913043478261,0.00532233883058475
134,50,1,0.6120689655172413,0.6086956521739131,-0.0033733133433282436
135,50,1,0.6120689655172413,0.6086956521739131,-0.0033733133433282436
136,50,1,0.6120689655172413,0.6086956521739131,-0.0033733133433282436
137,50,1,0.6120689655172413,0.6086956521739131,-0.0033733133433282436
138,50,1,0.6120689655172413,0.6086956521739131,-0.0033733133433282436
139,50,1,0.6120689655172413,0.6086956521739131,-0.0033733133433282436
140,50,0,0.6120689655172413,0.6173913043478261,0.00532233883058475
141,50,1,0.6120689655172413,0.6086956521739131,-0.0033733133433282436
142,50,1,0.6120689655172413,0.6086956521739131,-0.0033733133433282436
143,50,0,0.6120689655172413,0.6173913043478261,0.00532233883058475
144,50,0,0.6120689655172413,0.6173913043478261,0.00532233883058475
145,50,1,0.6120689655172413,0.6086956521739131,-0.0033733133433282436
146,50,1,0.6120689655172413,0.6086956521739131,-0.0033733133433282436
147,50,1,0.6120689655172413,0.6086956521739131,-0.0033733133433282436
148,50,0,0.6120689655172413,0.6173913043478261,0.00532233883058475
149,50,1,0.6120689655172413,0.6086956521739131,-0.0033733133433282436
150,50,1,0.6120689655172413,0.6086956521739131,-0.0033733133433282436
151,50,1,0.6120689655172413,0.6086956521739131,-0.0033733133433282436
152,50,1,0.6120689655172413,0.6086956521739131,-0.0033733133433282436
153,50,0,0.6120689655172413,0.6173913043478261,0.00532233883058475
154,50,0,0.6120689655172413,0.6173913043478261,0.00532233883058475
155,50,1,0.6120689655172413,0.6086956521739131,-0.0033733133433282436
156,50,1,0.6120689655172413,0.6086956521739131,-0.0033733133433282436
157,50,0,0.6120689655172413,0.6173913043478261,0.00532233883058475
158,50,1,0.6120689655172413,0.6086956521739131,-0.0033733133433282436
159,50,1,0.6120689655172413,0.6086956521739131,-0.0033733133433282436
160,50,1,0.6120689655172413,0.6086956521739131,-0.0033733133433282436
161,50,1,0.6120689655172413,0.6086956521739131,-0.0033733133433282436
162,50,1,0.6120689655172413,0.6086956521739131,-0.0033733133433282436
163,50,0,0.6120689655172413,0.6173913043478261,0.00532233883058475
164,50,1,0.6120689655172413,0.6086956521739131,-0.0033733133433282436
165,50,0,0.6120689655172413,0.6173913043478261,0.00532233883058475
166,50,0,0.6120689655172413,0.6173913043478261,0.00532233883058475
167,50,0,0.6120689655172413,0.6173913043478261,0.00532233883058475
168,50,1,0.6120689655172413,0.6086956521739131,-0.0033733133433282436
169,50,0,0.6120689655172413,0.6173913043478261,0.00532233883058475
170,50,1,0.6120689655172413,0.6086956521739131,-0.0033733133433282436
171,50,1,0.6120689655172413,0.6086956521739131,-0.0033733133433282436
172,50,1,0.6120689655172413,0.6086956521739131,-0.0033733133433282436
173,50,1,0.6120689655172413,0.6086956521739131,-0.0033733133433282436
174,50,1,0.6120689655172413,0.6086956521739131,-0.0033733133433282436
175,50,0,0.6120689655172413,0.6173913043478261,0.00532233883058475
176,50,1,0.6120689655172413,0.6086956521739131,-0.0033733133433282436
177,50,1,0.6120689655172413,0.6086956521739131,-0.0033733133433282436
178,50,1,0.6120689655172413,0.6086956521739131,-0.0033733133433282436
179,50,0,0.6120689655172413,0.6173913043478261,0.00532233883058475
180,50,0,0.6120689655172413,0.6173913043478261,0.00532233883058475
181,50,1,0.6120689655172413,0.6086956521739131,-0.0033733133433282436
182,50,0,0.6120689655172413,0.6173913043478261,0.00532233883058475
183,50,0,0.6120689655172413,0.6173913043478261,0.00532233883058475
184,50,1,0.6120689655172413,0.6086956521739131,-0.0033733133433282436
185,50,1,0.6120689655172413,0.6086956521739131,-0.0033733133433282436
186,50,0,0.6120689655172413,0.6173913043478261,0.00532233883058475
187,50,1,0.6120689655172413,0.6086956521739131,-0.0033733133433282436
188,50,1,0.6120689655172413,0.6086956521739131,-0.0033733133433282436
189,50,1,0.6120689655172413,0.6086956521739131,-0.0033733133433282436
190,50,1,0.6120689655172413,0.6086956521739131,-0.0033733133433282436
191,50,0,0.6120689655172413,0.6173913043478261,0.00532233883058475
192,50,1,0.6120689655172413,0.6086956521739131,-0.0033733133433282436
193,50,0,0.6120689655172413,0.6173913043478261,0.00532233883058475
194,50,1,0.6120689655172413,0.6086956521739131,-0.0033733133433282436
195,50,1,0.6120689655172413,0.6086956521739131,-0.0033733133433282436
196,50,1,0.6120689655172413,0.6086956521739131,-0.0033733133433282436
197,50,1,0.6120689655172413,0.6086956521739131,-0.0033733133433282436
198,50,1,0.6120689655172413,0.6086956521739131,-0.0033733133433282436
199,50,1,0.6120689655172413,0.6086956521739131,-0.0033733133433282436
200,50,1,0.6120689655172413,0.6086956521739131,-0.0033733133433282436
201,50,1,0.6120689655172413,0.6086956521739131,-0.0033733133433282436
202,50,0,0.6120689655172413,0.6173913043478261,0.00532233883058475
203,50,1,0.6120689655172413,0.6086956521739131,-0.0033733133433282436
204,50,1,0.6120689655172413,0.6086956521739131,-0.0033733133433282436
205,50,1,0.6120689655172413,0.6086956521739131,-0.0033733133433282436
206,50,1,0.6120689655172413,0.6086956521739131,-0.0033733133433282436
207,50,1,0.6120689655172413,0.6086956521739131,-0.0033733133433282436
208,50,0,0.6120689655172413,0.6173913043478261,0.00532233883058475
209,50,1,0.6120689655172413,0.6086956521739131,-0.0033733133433282436
210,50,1,0.6120689655172413,0.6086956521739131,-0.0033733133433282436
211,50,1,0.6120689655172413,0.6086956521739131,-0.0033733133433282436
212,50,0,0.6120689655172413,0.6173913043478261,0.00532233883058475
213,100,0,0.23484848484848486,0.2366412213740458,0.001792736525560945
214,100,0,0.23484848484848486,0.2366412213740458,0.001792736525560945
215,100,0,0.23484848484848486,0.2366412213740458,0.001792736525560945
216,100,0,0.23484848484848486,0.2366412213740458,0.001792736525560945
217,100,0,0.23484848484848486,0.2366412213740458,0.001792736525560945
218,100,0,0.23484848484848486,0.2366412213740458,0.001792736525560945
219,100,1,0.23484848484848486,0.22900763358778625,-0.00584085126069861
220,100,0,0.23484848484848486,0.2366412213740458,0.001792736525560945
221,100,1,0.23484848484848486,0.22900763358778625,-0.00584085126069861
222,100,0,0.23484848484848486,0.2366412213740458,0.001792736525560945
223,100,0,0.23484848484848486,0.2366412213740458,0.001792736525560945
224,100,0,0.23484848484848486,0.2366412213740458,0.001792736525560945
225,100,1,0.23484848484848486,0.22900763358778625,-0.00584085126069861
226,100,0,0.23484848484848486,0.2366412213740458,0.001792736525560945
227,100,0,0.23484848484848486,0.2366412213740458,0.001792736525560945
228,100,0,0.23484848484848486,0.2366412213740458,0.001792736525560945
229,100,0,0.23484848484848486,0.2366412213740458,0.001792736525560945
230,100,1,0.23484848484848486,0.22900763358778625,-0.00584085126069861
231,100,0,0.23484848484848486,0.2366412213740458,0.001792736525560945
232,100,0,0.23484848484848486,0.2366412213740458,0.001792736525560945
233,100,1,0.23484848484848486,0.22900763358778625,-0.00584085126069861
234,100,0,0.23484848484848486,0.2366412213740458,0.001792736525560945
235,100,0,0.23484848484848486,0.2366412213740458,0.001792736525560945
236,100,0,0.23484848484848486,0.2366412213740458,0.001792736525560945
237,100,1,0.23484848484848486,0.22900763358778625,-0.00584085126069861
238,100,0,0.23484848484848486,0.2366412213740458,0.001792736525560945
239,100,0,0.23484848484848486,0.2366412213740458,0.001792736525560945
240,100,0,0.23484848484848486,0.2366412213740458,0.001792736525560945
241,100,1,0.23484848484848486,0.22900763358778625,-0.00584085126069861
242,100,0,0.23484848484848486,0.2366412213740458,0.001792736525560945
243,100,0,0.23484848484848486,0.2366412213740458,0.001792736525560945
244,100,0,0.23484848484848486,0.2366412213740458,0.001792736525560945
245,100,0,0.23484848484848486,0.2366412213740458,0.001792736525560945
246,100,0,0.23484848484848486,0.2366412213740458,0.001792736525560945
247,100,0,0.23484848484848486,0.2366412213740458,0.001792736525560945
248,100,0,0.23484848484848486,0.2366412213740458,0.001792736525560945
249,100,1,0.23484848484848486,0.22900763358778625,-0.00584085126069861
250,100,0,0.23484848484848486,0.2366412213740458,0.001792736525560945
251,100,0,0.23484848484848486,0.2366412213740458,0.001792736525560945
252,100,1,0.23484848484848486,0.22900763358778625,-0.00584085126069861
253,100,0,0.23484848484848486,0.2366412213740458,0.001792736525560945
254,100,1,0.23484848484848486,0.22900763358778625,-0.00584085126069861
255,100,0,0.23484848484848486,0.2366412213740458,0.001792736525560945
256,100,0,0.23484848484848486,0.2366412213740458,0.001792736525560945
257,100,0,0.23484848484848486,0.2366412213740458,0.001792736525560945
258,100,0,0.23484848484848486,0.2366412213740458,0.001792736525560945
259,100,0,0.23484848484848486,0.2366412213740458,0.001792736525560945
260,100,0,0.23484848484848486,0.2366412213740458,0.001792736525560945
261,100,0,0.23484848484848486,0.2366412213740458,0.001792736525560945
262,100,0,0.23484848484848486,0.2366412213740458,0.001792736525560945
263,100,1,0.23484848484848486,0.22900763358778625,-0.00584085126069861
264,100,1,0.23484848484848486,0.22900763358778625,-0.00584085126069861
265,100,0,0.23484848484848486,0.2366412213740458,0.001792736525560945
266,100,1,0.23484848484848486,0.22900763358778625,-0.00584085126069861
267,100,0,0.23484848484848486,0.2366412213740458,0.001792736525560945
268,100,0,0.23484848484848486,0.2366412213740458,0.001792736525560945
269,100,1,0.23484848484848486,0.22900763358778625,-0.00584085126069861
270,100,1,0.23484848484848486,0.22900763358778625,-0.00584085126069861
271,100,0,0.23484848484848486,0.2366412213740458,0.001792736525560945
272,100,0,0.23484848484848486,0.2366412213740458,0.001792736525560945
273,100,0,0.23484848484848486,0.2366412213740458,0.001792736525560945
274,100,1,0.23484848484848486,0.22900763358778625,-0.00584085126069861
275,100,1,0.23484848484848486,0.22900763358778625,-0.00584085126069861
276,100,0,0.23484848484848486,0.2366412213740458,0.001792736525560945
277,100,0,0.23484848484848486,0.2366412213740458,0.001792736525560945
278,100,0,0.23484848484848486,0.2366412213740458,0.001792736525560945
279,100,0,0.23484848484848486,0.2366412213740458,0.001792736525560945
280,100,0,0.23484848484848486,0.2366412213740458,0.001792736525560945
281,100,0,0.23484848484848486,0.2366412213740458,0.001792736525560945
282,100,1,0.23484848484848486,0.22900763358778625,-0.00584085126069861
283,100,1,0.23484848484848486,0.22900763358778625,-0.00584085126069861
284,100,0,0.23484848484848486,0.2366412213740458,0.001792736525560945
285,100,1,0.23484848484848486,0.22900763358778625,-0.00584085126069861
286,100,0,0.23484848484848486,0.2366412213740458,0.001792736525560945
287,100,0,0.23484848484848486,0.2366412213740458,0.001792736525560945
288,100,1,0.23484848484848486,0.22900763358778625,-0.00584085126069861
289,100,0,0.23484848484848486,0.2366412213740458,0.001792736525560945
290,100,0,0.23484848484848486,0.2366412213740458,0.001792736525560945
291,100,1,0.23484848484848486,0.22900763358778625,-0.00584085126069861
292,100,0,0.23484848484848486,0.2366412213740458,0.001792736525560945
293,100,0,0.23484848484848486,0.2366412213740458,0.001792736525560945
294,100,0,0.23484848484848486,0.2366412213740458,0.001792736525560945
295,100,0,0.23484848484848486,0.2366412213740458,0.001792736525560945
296,100,0,0.23484848484848486,0.2366412213740458,0.001792736525560945
297,100,0,0.23484848484848486,0.2366412213740458,0.001792736525560945
298,100,0,0.23484848484848486,0.2366412213740458,0.001792736525560945
299,100,0,0.23484848484848486,0.2366412213740458,0.001792736525560945
300,100,0,0.23484848484848486,0.2366412213740458,0.001792736525560945
301,100,0,0.23484848484848486,0.2366412213740458,0.001792736525560945
302,100,0,0.23484848484848486,0.2366412213740458,0.001792736525560945
303,100,0,0.23484848484848486,0.2366412213740458,0.001792736525560945
304,100,1,0.23484848484848486,0.22900763358778625,-0.00584085126069861
305,100,0,0.23484848484848486,0.2366412213740458,0.001792736525560945
306,100,1,0.23484848484848486,0.22900763358778625,-0.00584085126069861
307,100,0,0.23484848484848486,0.2366412213740458,0.001792736525560945
308,100,1,0.23484848484848486,0.22900763358778625,-0.00584085126069861
309,100,1,0.23484848484848486,0.22900763358778625,-0.00584085126069861
310,100,0,0.23484848484848486,0.2366412213740458,0.001792736525560945
311,100,0,0.23484848484848486,0.2366412213740458,0.001792736525560945
312,100,0,0.23484848484848486,0.2366412213740458,0.001792736525560945
313,100,1,0.23484848484848486,0.22900763358778625,-0.00584085126069861
314,100,0,0.23484848484848486,0.2366412213740458,0.001792736525560945
315,100,0,0.23484848484848486,0.2366412213740458,0.001792736525560945
316,100,0,0.23484848484848486,0.2366412213740458,0.001792736525560945
317,100,0,0.23484848484848486,0.2366412213740458,0.001792736525560945
318,100,0,0.23484848484848486,0.2366412213740458,0.001792736525560945
319,100,0,0.23484848484848486,0.2366412213740458,0.001792736525560945
320,100,0,0.23484848484848486,0.2366412213740458,0.001792736525560945
321,100,0,0.23484848484848486,0.2366412213740458,0.001792736525560945
322,100,0,0.23484848484848486,0.2366412213740458,0.001792736525560945
323,100,0,0.23484848484848486,0.2366412213740458,0.001792736525560945
324,100,0,0.23484848484848486,0.2366412213740458,0.001792736525560945
325,100,0,0.23484848484848486,0.2366412213740458,0.001792736525560945
326,100,0,0.23484848484848486,0.2366412213740458,0.001792736525560945
327,100,0,0.23484848484848486,0.2366412213740458,0.001792736525560945
328,100,0,0.23484848484848486,0.2366412213740458,0.001792736525560945
329,100,0,0.23484848484848486,0.2366412213740458,0.001792736525560945
330,100,0,0.23484848484848486,0.2366412213740458,0.001792736525560945
331,100,0,0.23484848484848486,0.2366412213740458,0.001792736525560945
332,100,1,0.23484848484848486,0.22900763358778625,-0.00584085126069861
333,100,0,0.23484848484848486,0.2366412213740458,0.001792736525560945
334,100,1,0.23484848484848486,0.22900763358778625,-0.00584085126069861
335,100,0,0.23484848484848486,0.2366412213740458,0.001792736525560945
336,100,1,0.23484848484848486,0.22900763358778625,-0.00584085126069861
337,100,0,0.23484848484848486,0.2366412213740458,0.001792736525560945
338,100,1,0.23484848484848486,0.22900763358778625,-0.00584085126069861
339,100,0,0.23484848484848486,0.2366412213740458,0.001792736525560945
340,100,0,0.23484848484848486,0.2366412213740458,0.001792736525560945
341,100,0,0.23484848484848486,0.2366412213740458,0.001792736525560945
342,100,0,0.23484848484848486,0.2366412213740458,0.001792736525560945
343,100,0,0.23484848484848486,0.2366412213740458,0.001792736525560945
344,100,0,0.23484848484848486,0.2366412213740458,0.001792736525560945
