source_row,omitted_TQ,omitted_Muv,comparison,full_RD,LOO_RD,absolute_RD_change
2,0,0,50_vs_0,-0.29319419237749555,-0.30282465150403526,-0.009630459126539703
2,0,0,100_vs_0,-0.670414673046252,-0.6800451321727917,-0.009630459126539703
2,0,0,100_vs_50,-0.37722048066875646,-0.37722048066875646,0.0
3,0,1,50_vs_0,-0.29319419237749555,-0.2921863536316949,0.0010078387458006821
3,0,1,100_vs_0,-0.670414673046252,-0.6694068343004513,0.0010078387458006821
3,0,1,100_vs_50,-0.37722048066875646,-0.37722048066875646,0.0
4,0,1,50_vs_0,-0.29319419237749555,-0.2921863536316949,0.0010078387458006821
4,0,1,100_vs_0,-0.670414673046252,-0.6694068343004513,0.0010078387458006821
4,0,1,100_vs_50,-0.37722048066875646,-0.37722048066875646,0.0
5,0,1,50_vs_0,-0.29319419237749555,-0.2921863536316949,0.0010078387458006821
5,0,1,100_vs_0,-0.670414673046252,-0.6694068343004513,0.0010078387458006821
5,0,1,100_vs_50,-0.37722048066875646,-0.37722048066875646,0.0
6,0,1,50_vs_0,-0.29319419237749555,-0.2921863536316949,0.0010078387458006821
6,0,1,100_vs_0,-0.670414673046252,-0.6694068343004513,0.0010078387458006821
6,0,1,100_vs_50,-0.37722048066875646,-0.37722048066875646,0.0
7,0,1,50_vs_0,-0.29319419237749555,-0.2921863536316949,0.0010078387458006821
7,0,1,100_vs_0,-0.670414673046252,-0.6694068343004513,0.0010078387458006821
7,0,1,100_vs_50,-0.37722048066875646,-0.37722048066875646,0.0
8,0,1,50_vs_0,-0.29319419237749555,-0.2921863536316949,0.0010078387458006821
8,0,1,100_vs_0,-0.670414673046252,-0.6694068343004513,0.0010078387458006821
8,0,1,100_vs_50,-0.37722048066875646,-0.37722048066875646,0.0
9,0,1,50_vs_0,-0.29319419237749555,-0.2921863536316949,0.0010078387458006821
9,0,1,100_vs_0,-0.670414673046252,-0.6694068343004513,0.0010078387458006821
9,0,1,100_vs_50,-0.37722048066875646,-0.37722048066875646,0.0
10,0,0,50_vs_0,-0.29319419237749555,-0.30282465150403526,-0.009630459126539703
10,0,0,100_vs_0,-0.670414673046252,-0.6800451321727917,-0.009630459126539703
10,0,0,100_vs_50,-0.37722048066875646,-0.37722048066875646,0.0
11,0,1,50_vs_0,-0.29319419237749555,-0.2921863536316949,0.0010078387458006821
11,0,1,100_vs_0,-0.670414673046252,-0.6694068343004513,0.0010078387458006821
11,0,1,100_vs_50,-0.37722048066875646,-0.37722048066875646,0.0
12,0,1,50_vs_0,-0.29319419237749555,-0.2921863536316949,0.0010078387458006821
12,0,1,100_vs_0,-0.670414673046252,-0.6694068343004513,0.0010078387458006821
12,0,1,100_vs_50,-0.37722048066875646,-0.37722048066875646,0.0
13,0,1,50_vs_0,-0.29319419237749555,-0.2921863536316949,0.0010078387458006821
13,0,1,100_vs_0,-0.670414673046252,-0.6694068343004513,0.0010078387458006821
13,0,1,100_vs_50,-0.37722048066875646,-0.37722048066875646,0.0
14,0,1,50_vs_0,-0.29319419237749555,-0.2921863536316949,0.0010078387458006821
14,0,1,100_vs_0,-0.670414673046252,-0.6694068343004513,0.0010078387458006821
14,0,1,100_vs_50,-0.37722048066875646,-0.37722048066875646,0.0
15,0,1,50_vs_0,-0.29319419237749555,-0.2921863536316949,0.0010078387458006821
15,0,1,100_vs_0,-0.670414673046252,-0.6694068343004513,0.0010078387458006821
15,0,1,100_vs_50,-0.37722048066875646,-0.37722048066875646,0.0
16,0,1,50_vs_0,-0.29319419237749555,-0.2921863536316949,0.0010078387458006821
16,0,1,100_vs_0,-0.670414673046252,-0.6694068343004513,0.0010078387458006821
16,0,1,100_vs_50,-0.37722048066875646,-0.37722048066875646,0.0
17,0,1,50_vs_0,-0.29319419237749555,-0.2921863536316949,0.0010078387458006821
17,0,1,100_vs_0,-0.670414673046252,-0.6694068343004513,0.0010078387458006821
17,0,1,100_vs_50,-0.37722048066875646,-0.37722048066875646,0.0
18,0,1,50_vs_0,-0.29319419237749555,-0.2921863536316949,0.0010078387458006821
18,0,1,100_vs_0,-0.670414673046252,-0.6694068343004513,0.0010078387458006821
18,0,1,100_vs_50,-0.37722048066875646,-0.37722048066875646,0.0
19,0,1,50_vs_0,-0.29319419237749555,-0.2921863536316949,0.0010078387458006821
19,0,1,100_vs_0,-0.670414673046252,-0.6694068343004513,0.0010078387458006821
19,0,1,100_vs_50,-0.37722048066875646,-0.37722048066875646,0.0
20,0,1,50_vs_0,-0.29319419237749555,-0.2921863536316949,0.0010078387458006821
20,0,1,100_vs_0,-0.670414673046252,-0.6694068343004513,0.0010078387458006821
20,0,1,100_vs_50,-0.37722048066875646,-0.37722048066875646,0.0
21,0,0,50_vs_0,-0.29319419237749555,-0.30282465150403526,-0.009630459126539703
21,0,0,100_vs_0,-0.670414673046252,-0.6800451321727917,-0.009630459126539703
21,0,0,100_vs_50,-0.37722048066875646,-0.37722048066875646,0.0
22,0,0,50_vs_0,-0.29319419237749555,-0.30282465150403526,-0.009630459126539703
22,0,0,100_vs_0,-0.670414673046252,-0.6800451321727917,-0.009630459126539703
22,0,0,100_vs_50,-0.37722048066875646,-0.37722048066875646,0.0
23,0,1,50_vs_0,-0.29319419237749555,-0.2921863536316949,0.0010078387458006821
23,0,1,100_vs_0,-0.670414673046252,-0.6694068343004513,0.0010078387458006821
23,0,1,100_vs_50,-0.37722048066875646,-0.37722048066875646,0.0
24,0,1,50_vs_0,-0.29319419237749555,-0.2921863536316949,0.0010078387458006821
24,0,1,100_vs_0,-0.670414673046252,-0.6694068343004513,0.0010078387458006821
24,0,1,100_vs_50,-0.37722048066875646,-0.37722048066875646,0.0
25,0,1,50_vs_0,-0.29319419237749555,-0.2921863536316949,0.0010078387458006821
25,0,1,100_vs_0,-0.670414673046252,-0.6694068343004513,0.0010078387458006821
25,0,1,100_vs_50,-0.37722048066875646,-0.37722048066875646,0.0
26,0,1,50_vs_0,-0.29319419237749555,-0.2921863536316949,0.0010078387458006821
26,0,1,100_vs_0,-0.670414673046252,-0.6694068343004513,0.0010078387458006821
26,0,1,100_vs_50,-0.37722048066875646,-0.37722048066875646,0.0
27,0,0,50_vs_0,-0.29319419237749555,-0.30282465150403526,-0.009630459126539703
27,0,0,100_vs_0,-0.670414673046252,-0.6800451321727917,-0.009630459126539703
27,0,0,100_vs_50,-0.37722048066875646,-0.37722048066875646,0.0
28,0,1,50_vs_0,-0.29319419237749555,-0.2921863536316949,0.0010078387458006821
28,0,1,100_vs_0,-0.670414673046252,-0.6694068343004513,0.0010078387458006821
28,0,1,100_vs_50,-0.37722048066875646,-0.37722048066875646,0.0
29,0,1,50_vs_0,-0.29319419237749555,-0.2921863536316949,0.0010078387458006821
29,0,1,100_vs_0,-0.670414673046252,-0.6694068343004513,0.0010078387458006821
29,0,1,100_vs_50,-0.37722048066875646,-0.37722048066875646,0.0
30,0,1,50_vs_0,-0.29319419237749555,-0.2921863536316949,0.0010078387458006821
30,0,1,100_vs_0,-0.670414673046252,-0.6694068343004513,0.0010078387458006821
30,0,1,100_vs_50,-0.37722048066875646,-0.37722048066875646,0.0
31,0,1,50_vs_0,-0.29319419237749555,-0.2921863536316949,0.0010078387458006821
31,0,1,100_vs_0,-0.670414673046252,-0.6694068343004513,0.0010078387458006821
31,0,1,100_vs_50,-0.37722048066875646,-0.37722048066875646,0.0
32,0,1,50_vs_0,-0.29319419237749555,-0.2921863536316949,0.0010078387458006821
32,0,1,100_vs_0,-0.670414673046252,-0.6694068343004513,0.0010078387458006821
32,0,1,100_vs_50,-0.37722048066875646,-0.37722048066875646,0.0
33,0,1,50_vs_0,-0.29319419237749555,-0.2921863536316949,0.0010078387458006821
33,0,1,100_vs_0,-0.670414673046252,-0.6694068343004513,0.0010078387458006821
33,0,1,100_vs_50,-0.37722048066875646,-0.37722048066875646,0.0
34,0,1,50_vs_0,-0.29319419237749555,-0.2921863536316949,0.0010078387458006821
34,0,1,100_vs_0,-0.670414673046252,-0.6694068343004513,0.0010078387458006821
34,0,1,100_vs_50,-0.37722048066875646,-0.37722048066875646,0.0
35,0,0,50_vs_0,-0.29319419237749555,-0.30282465150403526,-0.009630459126539703
35,0,0,100_vs_0,-0.670414673046252,-0.6800451321727917,-0.009630459126539703
35,0,0,100_vs_50,-0.37722048066875646,-0.37722048066875646,0.0
36,0,1,50_vs_0,-0.29319419237749555,-0.2921863536316949,0.0010078387458006821
36,0,1,100_vs_0,-0.670414673046252,-0.6694068343004513,0.0010078387458006821
36,0,1,100_vs_50,-0.37722048066875646,-0.37722048066875646,0.0
37,0,1,50_vs_0,-0.29319419237749555,-0.2921863536316949,0.0010078387458006821
37,0,1,100_vs_0,-0.670414673046252,-0.6694068343004513,0.0010078387458006821
37,0,1,100_vs_50,-0.37722048066875646,-0.37722048066875646,0.0
38,0,1,50_vs_0,-0.29319419237749555,-0.2921863536316949,0.0010078387458006821
38,0,1,100_vs_0,-0.670414673046252,-0.6694068343004513,0.0010078387458006821
38,0,1,100_vs_50,-0.37722048066875646,-0.37722048066875646,0.0
39,0,1,50_vs_0,-0.29319419237749555,-0.2921863536316949,0.0010078387458006821
39,0,1,100_vs_0,-0.670414673046252,-0.6694068343004513,0.0010078387458006821
39,0,1,100_vs_50,-0.37722048066875646,-0.37722048066875646,0.0
40,0,1,50_vs_0,-0.29319419237749555,-0.2921863536316949,0.0010078387458006821
40,0,1,100_vs_0,-0.670414673046252,-0.6694068343004513,0.0010078387458006821
40,0,1,100_vs_50,-0.37722048066875646,-0.37722048066875646,0.0
41,0,1,50_vs_0,-0.29319419237749555,-0.2921863536316949,0.0010078387458006821
41,0,1,100_vs_0,-0.670414673046252,-0.6694068343004513,0.0010078387458006821
41,0,1,100_vs_50,-0.37722048066875646,-0.37722048066875646,0.0
42,0,1,50_vs_0,-0.29319419237749555,-0.2921863536316949,0.0010078387458006821
42,0,1,100_vs_0,-0.670414673046252,-0.6694068343004513,0.0010078387458006821
42,0,1,100_vs_50,-0.37722048066875646,-0.37722048066875646,0.0
43,0,1,50_vs_0,-0.29319419237749555,-0.2921863536316949,0.0010078387458006821
43,0,1,100_vs_0,-0.670414673046252,-0.6694068343004513,0.0010078387458006821
43,0,1,100_vs_50,-0.37722048066875646,-0.37722048066875646,0.0
44,0,1,50_vs_0,-0.29319419237749555,-0.2921863536316949,0.0010078387458006821
44,0,1,100_vs_0,-0.670414673046252,-0.6694068343004513,0.0010078387458006821
44,0,1,100_vs_50,-0.37722048066875646,-0.37722048066875646,0.0
45,0,0,50_vs_0,-0.29319419237749555,-0.30282465150403526,-0.009630459126539703
45,0,0,100_vs_0,-0.670414673046252,-0.6800451321727917,-0.009630459126539703
45,0,0,100_vs_50,-0.37722048066875646,-0.37722048066875646,0.0
46,0,0,50_vs_0,-0.29319419237749555,-0.30282465150403526,-0.009630459126539703
46,0,0,100_vs_0,-0.670414673046252,-0.6800451321727917,-0.009630459126539703
46,0,0,100_vs_50,-0.37722048066875646,-0.37722048066875646,0.0
47,0,1,50_vs_0,-0.29319419237749555,-0.2921863536316949,0.0010078387458006821
47,0,1,100_vs_0,-0.670414673046252,-0.6694068343004513,0.0010078387458006821
47,0,1,100_vs_50,-0.37722048066875646,-0.37722048066875646,0.0
48,0,1,50_vs_0,-0.29319419237749555,-0.2921863536316949,0.0010078387458006821
48,0,1,100_vs_0,-0.670414673046252,-0.6694068343004513,0.0010078387458006821
48,0,1,100_vs_50,-0.37722048066875646,-0.37722048066875646,0.0
49,0,1,50_vs_0,-0.29319419237749555,-0.2921863536316949,0.0010078387458006821
49,0,1,100_vs_0,-0.670414673046252,-0.6694068343004513,0.0010078387458006821
49,0,1,100_vs_50,-0.37722048066875646,-0.37722048066875646,0.0
50,0,1,50_vs_0,-0.29319419237749555,-0.2921863536316949,0.0010078387458006821
50,0,1,100_vs_0,-0.670414673046252,-0.6694068343004513,0.0010078387458006821
50,0,1,100_vs_50,-0.37722048066875646,-0.37722048066875646,0.0
51,0,1,50_vs_0,-0.29319419237749555,-0.2921863536316949,0.0010078387458006821
51,0,1,100_vs_0,-0.670414673046252,-0.6694068343004513,0.0010078387458006821
51,0,1,100_vs_50,-0.37722048066875646,-0.37722048066875646,0.0
52,0,1,50_vs_0,-0.29319419237749555,-0.2921863536316949,0.0010078387458006821
52,0,1,100_vs_0,-0.670414673046252,-0.6694068343004513,0.0010078387458006821
52,0,1,100_vs_50,-0.37722048066875646,-0.37722048066875646,0.0
53,0,1,50_vs_0,-0.29319419237749555,-0.2921863536316949,0.0010078387458006821
53,0,1,100_vs_0,-0.670414673046252,-0.6694068343004513,0.0010078387458006821
53,0,1,100_vs_50,-0.37722048066875646,-0.37722048066875646,0.0
54,0,1,50_vs_0,-0.29319419237749555,-0.2921863536316949,0.0010078387458006821
54,0,1,100_vs_0,-0.670414673046252,-0.6694068343004513,0.0010078387458006821
54,0,1,100_vs_50,-0.37722048066875646,-0.37722048066875646,0.0
55,0,1,50_vs_0,-0.29319419237749555,-0.2921863536316949,0.0010078387458006821
55,0,1,100_vs_0,-0.670414673046252,-0.6694068343004513,0.0010078387458006821
55,0,1,100_vs_50,-0.37722048066875646,-0.37722048066875646,0.0
56,0,1,50_vs_0,-0.29319419237749555,-0.2921863536316949,0.0010078387458006821
56,0,1,100_vs_0,-0.670414673046252,-0.6694068343004513,0.0010078387458006821
56,0,1,100_vs_50,-0.37722048066875646,-0.37722048066875646,0.0
57,0,1,50_vs_0,-0.29319419237749555,-0.2921863536316949,0.0010078387458006821
57,0,1,100_vs_0,-0.670414673046252,-0.6694068343004513,0.0010078387458006821
57,0,1,100_vs_50,-0.37722048066875646,-0.37722048066875646,0.0
58,0,1,50_vs_0,-0.29319419237749555,-0.2921863536316949,0.0010078387458006821
58,0,1,100_vs_0,-0.670414673046252,-0.6694068343004513,0.0010078387458006821
58,0,1,100_vs_50,-0.37722048066875646,-0.37722048066875646,0.0
59,0,1,50_vs_0,-0.29319419237749555,-0.2921863536316949,0.0010078387458006821
59,0,1,100_vs_0,-0.670414673046252,-0.6694068343004513,0.0010078387458006821
59,0,1,100_vs_50,-0.37722048066875646,-0.37722048066875646,0.0
60,0,1,50_vs_0,-0.29319419237749555,-0.2921863536316949,0.0010078387458006821
60,0,1,100_vs_0,-0.670414673046252,-0.6694068343004513,0.0010078387458006821
60,0,1,100_vs_50,-0.37722048066875646,-0.37722048066875646,0.0
61,0,1,50_vs_0,-0.29319419237749555,-0.2921863536316949,0.0010078387458006821
61,0,1,100_vs_0,-0.670414673046252,-0.6694068343004513,0.0010078387458006821
61,0,1,100_vs_50,-0.37722048066875646,-0.37722048066875646,0.0
62,0,1,50_vs_0,-0.29319419237749555,-0.2921863536316949,0.0010078387458006821
62,0,1,100_vs_0,-0.670414673046252,-0.6694068343004513,0.0010078387458006821
62,0,1,100_vs_50,-0.37722048066875646,-0.37722048066875646,0.0
63,0,1,50_vs_0,-0.29319419237749555,-0.2921863536316949,0.0010078387458006821
63,0,1,100_vs_0,-0.670414673046252,-0.6694068343004513,0.0010078387458006821
63,0,1,100_vs_50,-0.37722048066875646,-0.37722048066875646,0.0
64,0,1,50_vs_0,-0.29319419237749555,-0.2921863536316949,0.0010078387458006821
64,0,1,100_vs_0,-0.670414673046252,-0.6694068343004513,0.0010078387458006821
64,0,1,100_vs_50,-0.37722048066875646,-0.37722048066875646,0.0
65,0,1,50_vs_0,-0.29319419237749555,-0.2921863536316949,0.0010078387458006821
65,0,1,100_vs_0,-0.670414673046252,-0.6694068343004513,0.0010078387458006821
65,0,1,100_vs_50,-0.37722048066875646,-0.37722048066875646,0.0
66,0,1,50_vs_0,-0.29319419237749555,-0.2921863536316949,0.0010078387458006821
66,0,1,100_vs_0,-0.670414673046252,-0.6694068343004513,0.0010078387458006821
66,0,1,100_vs_50,-0.37722048066875646,-0.37722048066875646,0.0
67,0,1,50_vs_0,-0.29319419237749555,-0.2921863536316949,0.0010078387458006821
67,0,1,100_vs_0,-0.670414673046252,-0.6694068343004513,0.0010078387458006821
67,0,1,100_vs_50,-0.37722048066875646,-0.37722048066875646,0.0
68,0,1,50_vs_0,-0.29319419237749555,-0.2921863536316949,0.0010078387458006821
68,0,1,100_vs_0,-0.670414673046252,-0.6694068343004513,0.0010078387458006821
68,0,1,100_vs_50,-0.37722048066875646,-0.37722048066875646,0.0
69,0,1,50_vs_0,-0.29319419237749555,-0.2921863536316949,0.0010078387458006821
69,0,1,100_vs_0,-0.670414673046252,-0.6694068343004513,0.0010078387458006821
69,0,1,100_vs_50,-0.37722048066875646,-0.37722048066875646,0.0
70,0,1,50_vs_0,-0.29319419237749555,-0.2921863536316949,0.0010078387458006821
70,0,1,100_vs_0,-0.670414673046252,-0.6694068343004513,0.0010078387458006821
70,0,1,100_vs_50,-0.37722048066875646,-0.37722048066875646,0.0
71,0,1,50_vs_0,-0.29319419237749555,-0.2921863536316949,0.0010078387458006821
71,0,1,100_vs_0,-0.670414673046252,-0.6694068343004513,0.0010078387458006821
71,0,1,100_vs_50,-0.37722048066875646,-0.37722048066875646,0.0
72,0,1,50_vs_0,-0.29319419237749555,-0.2921863536316949,0.0010078387458006821
72,0,1,100_vs_0,-0.670414673046252,-0.6694068343004513,0.0010078387458006821
72,0,1,100_vs_50,-0.37722048066875646,-0.37722048066875646,0.0
73,0,1,50_vs_0,-0.29319419237749555,-0.2921863536316949,0.0010078387458006821
73,0,1,100_vs_0,-0.670414673046252,-0.6694068343004513,0.0010078387458006821
73,0,1,100_vs_50,-0.37722048066875646,-0.37722048066875646,0.0
74,0,1,50_vs_0,-0.29319419237749555,-0.2921863536316949,0.0010078387458006821
74,0,1,100_vs_0,-0.670414673046252,-0.6694068343004513,0.0010078387458006821
74,0,1,100_vs_50,-0.37722048066875646,-0.37722048066875646,0.0
75,0,1,50_vs_0,-0.29319419237749555,-0.2921863536316949,0.0010078387458006821
75,0,1,100_vs_0,-0.670414673046252,-0.6694068343004513,0.0010078387458006821
75,0,1,100_vs_50,-0.37722048066875646,-0.37722048066875646,0.0
76,0,1,50_vs_0,-0.29319419237749555,-0.2921863536316949,0.0010078387458006821
76,0,1,100_vs_0,-0.670414673046252,-0.6694068343004513,0.0010078387458006821
76,0,1,100_vs_50,-0.37722048066875646,-0.37722048066875646,0.0
77,0,1,50_vs_0,-0.29319419237749555,-0.2921863536316949,0.0010078387458006821
77,0,1,100_vs_0,-0.670414673046252,-0.6694068343004513,0.0010078387458006821
77,0,1,100_vs_50,-0.37722048066875646,-0.37722048066875646,0.0
78,0,1,50_vs_0,-0.29319419237749555,-0.2921863536316949,0.0010078387458006821
78,0,1,100_vs_0,-0.670414673046252,-0.6694068343004513,0.0010078387458006821
78,0,1,100_vs_50,-0.37722048066875646,-0.37722048066875646,0.0
79,0,1,50_vs_0,-0.29319419237749555,-0.2921863536316949,0.0010078387458006821
79,0,1,100_vs_0,-0.670414673046252,-0.6694068343004513,0.0010078387458006821
79,0,1,100_vs_50,-0.37722048066875646,-0.37722048066875646,0.0
80,0,1,50_vs_0,-0.29319419237749555,-0.2921863536316949,0.0010078387458006821
80,0,1,100_vs_0,-0.670414673046252,-0.6694068343004513,0.0010078387458006821
80,0,1,100_vs_50,-0.37722048066875646,-0.37722048066875646,0.0
81,0,1,50_vs_0,-0.29319419237749555,-0.2921863536316949,0.0010078387458006821
81,0,1,100_vs_0,-0.670414673046252,-0.6694068343004513,0.0010078387458006821
81,0,1,100_vs_50,-0.37722048066875646,-0.37722048066875646,0.0
82,0,1,50_vs_0,-0.29319419237749555,-0.2921863536316949,0.0010078387458006821
82,0,1,100_vs_0,-0.670414673046252,-0.6694068343004513,0.0010078387458006821
82,0,1,100_vs_50,-0.37722048066875646,-0.37722048066875646,0.0
83,0,1,50_vs_0,-0.29319419237749555,-0.2921863536316949,0.0010078387458006821
83,0,1,100_vs_0,-0.670414673046252,-0.6694068343004513,0.0010078387458006821
83,0,1,100_vs_50,-0.37722048066875646,-0.37722048066875646,0.0
84,0,1,50_vs_0,-0.29319419237749555,-0.2921863536316949,0.0010078387458006821
84,0,1,100_vs_0,-0.670414673046252,-0.6694068343004513,0.0010078387458006821
84,0,1,100_vs_50,-0.37722048066875646,-0.37722048066875646,0.0
85,0,1,50_vs_0,-0.29319419237749555,-0.2921863536316949,0.0010078387458006821
85,0,1,100_vs_0,-0.670414673046252,-0.6694068343004513,0.0010078387458006821
85,0,1,100_vs_50,-0.37722048066875646,-0.37722048066875646,0.0
86,0,1,50_vs_0,-0.29319419237749555,-0.2921863536316949,0.0010078387458006821
86,0,1,100_vs_0,-0.670414673046252,-0.6694068343004513,0.0010078387458006821
86,0,1,100_vs_50,-0.37722048066875646,-0.37722048066875646,0.0
87,0,1,50_vs_0,-0.29319419237749555,-0.2921863536316949,0.0010078387458006821
87,0,1,100_vs_0,-0.670414673046252,-0.6694068343004513,0.0010078387458006821
87,0,1,100_vs_50,-0.37722048066875646,-0.37722048066875646,0.0
88,0,1,50_vs_0,-0.29319419237749555,-0.2921863536316949,0.0010078387458006821
88,0,1,100_vs_0,-0.670414673046252,-0.6694068343004513,0.0010078387458006821
88,0,1,100_vs_50,-0.37722048066875646,-0.37722048066875646,0.0
89,0,0,50_vs_0,-0.29319419237749555,-0.30282465150403526,-0.009630459126539703
89,0,0,100_vs_0,-0.670414673046252,-0.6800451321727917,-0.009630459126539703
89,0,0,100_vs_50,-0.37722048066875646,-0.37722048066875646,0.0
90,0,1,50_vs_0,-0.29319419237749555,-0.2921863536316949,0.0010078387458006821
90,0,1,100_vs_0,-0.670414673046252,-0.6694068343004513,0.0010078387458006821
90,0,1,100_vs_50,-0.37722048066875646,-0.37722048066875646,0.0
91,0,1,50_vs_0,-0.29319419237749555,-0.2921863536316949,0.0010078387458006821
91,0,1,100_vs_0,-0.670414673046252,-0.6694068343004513,0.0010078387458006821
91,0,1,100_vs_50,-0.37722048066875646,-0.37722048066875646,0.0
92,0,1,50_vs_0,-0.29319419237749555,-0.2921863536316949,0.0010078387458006821
92,0,1,100_vs_0,-0.670414673046252,-0.6694068343004513,0.0010078387458006821
92,0,1,100_vs_50,-0.37722048066875646,-0.37722048066875646,0.0
93,0,1,50_vs_0,-0.29319419237749555,-0.2921863536316949,0.0010078387458006821
93,0,1,100_vs_0,-0.670414673046252,-0.6694068343004513,0.0010078387458006821
93,0,1,100_vs_50,-0.37722048066875646,-0.37722048066875646,0.0
94,0,1,50_vs_0,-0.29319419237749555,-0.2921863536316949,0.0010078387458006821
94,0,1,100_vs_0,-0.670414673046252,-0.6694068343004513,0.0010078387458006821
94,0,1,100_vs_50,-0.37722048066875646,-0.37722048066875646,0.0
95,0,1,50_vs_0,-0.29319419237749555,-0.2921863536316949,0.0010078387458006821
95,0,1,100_vs_0,-0.670414673046252,-0.6694068343004513,0.0010078387458006821
95,0,1,100_vs_50,-0.37722048066875646,-0.37722048066875646,0.0
96,0,1,50_vs_0,-0.29319419237749555,-0.2921863536316949,0.0010078387458006821
96,0,1,100_vs_0,-0.670414673046252,-0.6694068343004513,0.0010078387458006821
96,0,1,100_vs_50,-0.37722048066875646,-0.37722048066875646,0.0
97,50,0,50_vs_0,-0.29319419237749555,-0.2878718535469108,0.00532233883058475
97,50,0,100_vs_0,-0.670414673046252,-0.670414673046252,0.0
97,50,0,100_vs_50,-0.37722048066875646,-0.3825428194993412,-0.00532233883058475
98,50,0,50_vs_0,-0.29319419237749555,-0.2878718535469108,0.00532233883058475
98,50,0,100_vs_0,-0.670414673046252,-0.670414673046252,0.0
98,50,0,100_vs_50,-0.37722048066875646,-0.3825428194993412,-0.00532233883058475
99,50,1,50_vs_0,-0.29319419237749555,-0.2965675057208238,-0.0033733133433282436
99,50,1,100_vs_0,-0.670414673046252,-0.670414673046252,0.0
99,50,1,100_vs_50,-0.37722048066875646,-0.3738471673254282,0.0033733133433282436
100,50,1,50_vs_0,-0.29319419237749555,-0.2965675057208238,-0.0033733133433282436
100,50,1,100_vs_0,-0.670414673046252,-0.670414673046252,0.0
100,50,1,100_vs_50,-0.37722048066875646,-0.3738471673254282,0.0033733133433282436
101,50,0,50_vs_0,-0.29319419237749555,-0.2878718535469108,0.00532233883058475
101,50,0,100_vs_0,-0.670414673046252,-0.670414673046252,0.0
101,50,0,100_vs_50,-0.37722048066875646,-0.3825428194993412,-0.00532233883058475
102,50,0,50_vs_0,-0.29319419237749555,-0.2878718535469108,0.00532233883058475
102,50,0,100_vs_0,-0.670414673046252,-0.670414673046252,0.0
102,50,0,100_vs_50,-0.37722048066875646,-0.3825428194993412,-0.00532233883058475
103,50,1,50_vs_0,-0.29319419237749555,-0.2965675057208238,-0.0033733133433282436
103,50,1,100_vs_0,-0.670414673046252,-0.670414673046252,0.0
103,50,1,100_vs_50,-0.37722048066875646,-0.3738471673254282,0.0033733133433282436
104,50,1,50_vs_0,-0.29319419237749555,-0.2965675057208238,-0.0033733133433282436
104,50,1,100_vs_0,-0.670414673046252,-0.670414673046252,0.0
104,50,1,100_vs_50,-0.37722048066875646,-0.3738471673254282,0.0033733133433282436
105,50,0,50_vs_0,-0.29319419237749555,-0.2878718535469108,0.00532233883058475
105,50,0,100_vs_0,-0.670414673046252,-0.670414673046252,0.0
105,50,0,100_vs_50,-0.37722048066875646,-0.3825428194993412,-0.00532233883058475
106,50,0,50_vs_0,-0.29319419237749555,-0.2878718535469108,0.00532233883058475
106,50,0,100_vs_0,-0.670414673046252,-0.670414673046252,0.0
106,50,0,100_vs_50,-0.37722048066875646,-0.3825428194993412,-0.00532233883058475
107,50,1,50_vs_0,-0.29319419237749555,-0.2965675057208238,-0.0033733133433282436
107,50,1,100_vs_0,-0.670414673046252,-0.670414673046252,0.0
107,50,1,100_vs_50,-0.37722048066875646,-0.3738471673254282,0.0033733133433282436
108,50,1,50_vs_0,-0.29319419237749555,-0.2965675057208238,-0.0033733133433282436
108,50,1,100_vs_0,-0.670414673046252,-0.670414673046252,0.0
108,50,1,100_vs_50,-0.37722048066875646,-0.3738471673254282,0.0033733133433282436
109,50,0,50_vs_0,-0.29319419237749555,-0.2878718535469108,0.00532233883058475
109,50,0,100_vs_0,-0.670414673046252,-0.670414673046252,0.0
109,50,0,100_vs_50,-0.37722048066875646,-0.3825428194993412,-0.00532233883058475
110,50,1,50_vs_0,-0.29319419237749555,-0.2965675057208238,-0.0033733133433282436
110,50,1,100_vs_0,-0.670414673046252,-0.670414673046252,0.0
110,50,1,100_vs_50,-0.37722048066875646,-0.3738471673254282,0.0033733133433282436
111,50,0,50_vs_0,-0.29319419237749555,-0.2878718535469108,0.00532233883058475
111,50,0,100_vs_0,-0.670414673046252,-0.670414673046252,0.0
111,50,0,100_vs_50,-0.37722048066875646,-0.3825428194993412,-0.00532233883058475
112,50,0,50_vs_0,-0.29319419237749555,-0.2878718535469108,0.00532233883058475
112,50,0,100_vs_0,-0.670414673046252,-0.670414673046252,0.0
112,50,0,100_vs_50,-0.37722048066875646,-0.3825428194993412,-0.00532233883058475
113,50,1,50_vs_0,-0.29319419237749555,-0.2965675057208238,-0.0033733133433282436
113,50,1,100_vs_0,-0.670414673046252,-0.670414673046252,0.0
113,50,1,100_vs_50,-0.37722048066875646,-0.3738471673254282,0.0033733133433282436
114,50,0,50_vs_0,-0.29319419237749555,-0.2878718535469108,0.00532233883058475
114,50,0,100_vs_0,-0.670414673046252,-0.670414673046252,0.0
114,50,0,100_vs_50,-0.37722048066875646,-0.3825428194993412,-0.00532233883058475
115,50,0,50_vs_0,-0.29319419237749555,-0.2878718535469108,0.00532233883058475
115,50,0,100_vs_0,-0.670414673046252,-0.670414673046252,0.0
115,50,0,100_vs_50,-0.37722048066875646,-0.3825428194993412,-0.00532233883058475
116,50,0,50_vs_0,-0.29319419237749555,-0.2878718535469108,0.00532233883058475
116,50,0,100_vs_0,-0.670414673046252,-0.670414673046252,0.0
116,50,0,100_vs_50,-0.37722048066875646,-0.3825428194993412,-0.00532233883058475
117,50,1,50_vs_0,-0.29319419237749555,-0.2965675057208238,-0.0033733133433282436
117,50,1,100_vs_0,-0.670414673046252,-0.670414673046252,0.0
117,50,1,100_vs_50,-0.37722048066875646,-0.3738471673254282,0.0033733133433282436
118,50,0,50_vs_0,-0.29319419237749555,-0.2878718535469108,0.00532233883058475
118,50,0,100_vs_0,-0.670414673046252,-0.670414673046252,0.0
118,50,0,100_vs_50,-0.37722048066875646,-0.3825428194993412,-0.00532233883058475
119,50,1,50_vs_0,-0.29319419237749555,-0.2965675057208238,-0.0033733133433282436
119,50,1,100_vs_0,-0.670414673046252,-0.670414673046252,0.0
119,50,1,100_vs_50,-0.37722048066875646,-0.3738471673254282,0.0033733133433282436
120,50,0,50_vs_0,-0.29319419237749555,-0.2878718535469108,0.00532233883058475
120,50,0,100_vs_0,-0.670414673046252,-0.670414673046252,0.0
120,50,0,100_vs_50,-0.37722048066875646,-0.3825428194993412,-0.00532233883058475
121,50,0,50_vs_0,-0.29319419237749555,-0.2878718535469108,0.00532233883058475
121,50,0,100_vs_0,-0.670414673046252,-0.670414673046252,0.0
121,50,0,100_vs_50,-0.37722048066875646,-0.3825428194993412,-0.00532233883058475
122,50,1,50_vs_0,-0.29319419237749555,-0.2965675057208238,-0.0033733133433282436
122,50,1,100_vs_0,-0.670414673046252,-0.670414673046252,0.0
122,50,1,100_vs_50,-0.37722048066875646,-0.3738471673254282,0.0033733133433282436
123,50,0,50_vs_0,-0.29319419237749555,-0.2878718535469108,0.00532233883058475
123,50,0,100_vs_0,-0.670414673046252,-0.670414673046252,0.0
123,50,0,100_vs_50,-0.37722048066875646,-0.3825428194993412,-0.00532233883058475
124,50,1,50_vs_0,-0.29319419237749555,-0.2965675057208238,-0.0033733133433282436
124,50,1,100_vs_0,-0.670414673046252,-0.670414673046252,0.0
124,50,1,100_vs_50,-0.37722048066875646,-0.3738471673254282,0.0033733133433282436
125,50,0,50_vs_0,-0.29319419237749555,-0.2878718535469108,0.00532233883058475
125,50,0,100_vs_0,-0.670414673046252,-0.670414673046252,0.0
125,50,0,100_vs_50,-0.37722048066875646,-0.3825428194993412,-0.00532233883058475
126,50,0,50_vs_0,-0.29319419237749555,-0.2878718535469108,0.00532233883058475
126,50,0,100_vs_0,-0.670414673046252,-0.670414673046252,0.0
126,50,0,100_vs_50,-0.37722048066875646,-0.3825428194993412,-0.00532233883058475
127,50,0,50_vs_0,-0.29319419237749555,-0.2878718535469108,0.00532233883058475
127,50,0,100_vs_0,-0.670414673046252,-0.670414673046252,0.0
127,50,0,100_vs_50,-0.37722048066875646,-0.3825428194993412,-0.00532233883058475
128,50,1,50_vs_0,-0.29319419237749555,-0.2965675057208238,-0.0033733133433282436
128,50,1,100_vs_0,-0.670414673046252,-0.670414673046252,0.0
128,50,1,100_vs_50,-0.37722048066875646,-0.3738471673254282,0.0033733133433282436
129,50,1,50_vs_0,-0.29319419237749555,-0.2965675057208238,-0.0033733133433282436
129,50,1,100_vs_0,-0.670414673046252,-0.670414673046252,0.0
129,50,1,100_vs_50,-0.37722048066875646,-0.3738471673254282,0.0033733133433282436
130,50,1,50_vs_0,-0.29319419237749555,-0.2965675057208238,-0.0033733133433282436
130,50,1,100_vs_0,-0.670414673046252,-0.670414673046252,0.0
130,50,1,100_vs_50,-0.37722048066875646,-0.3738471673254282,0.0033733133433282436
131,50,0,50_vs_0,-0.29319419237749555,-0.2878718535469108,0.00532233883058475
131,50,0,100_vs_0,-0.670414673046252,-0.670414673046252,0.0
131,50,0,100_vs_50,-0.37722048066875646,-0.3825428194993412,-0.00532233883058475
132,50,0,50_vs_0,-0.29319419237749555,-0.2878718535469108,0.00532233883058475
132,50,0,100_vs_0,-0.670414673046252,-0.670414673046252,0.0
132,50,0,100_vs_50,-0.37722048066875646,-0.3825428194993412,-0.00532233883058475
133,50,0,50_vs_0,-0.29319419237749555,-0.2878718535469108,0.00532233883058475
133,50,0,100_vs_0,-0.670414673046252,-0.670414673046252,0.0
133,50,0,100_vs_50,-0.37722048066875646,-0.3825428194993412,-0.00532233883058475
134,50,1,50_vs_0,-0.29319419237749555,-0.2965675057208238,-0.0033733133433282436
134,50,1,100_vs_0,-0.670414673046252,-0.670414673046252,0.0
134,50,1,100_vs_50,-0.37722048066875646,-0.3738471673254282,0.0033733133433282436
135,50,1,50_vs_0,-0.29319419237749555,-0.2965675057208238,-0.0033733133433282436
135,50,1,100_vs_0,-0.670414673046252,-0.670414673046252,0.0
135,50,1,100_vs_50,-0.37722048066875646,-0.3738471673254282,0.0033733133433282436
136,50,1,50_vs_0,-0.29319419237749555,-0.2965675057208238,-0.0033733133433282436
136,50,1,100_vs_0,-0.670414673046252,-0.670414673046252,0.0
136,50,1,100_vs_50,-0.37722048066875646,-0.3738471673254282,0.0033733133433282436
137,50,1,50_vs_0,-0.29319419237749555,-0.2965675057208238,-0.0033733133433282436
137,50,1,100_vs_0,-0.670414673046252,-0.670414673046252,0.0
137,50,1,100_vs_50,-0.37722048066875646,-0.3738471673254282,0.0033733133433282436
138,50,1,50_vs_0,-0.29319419237749555,-0.2965675057208238,-0.0033733133433282436
138,50,1,100_vs_0,-0.670414673046252,-0.670414673046252,0.0
138,50,1,100_vs_50,-0.37722048066875646,-0.3738471673254282,0.0033733133433282436
139,50,1,50_vs_0,-0.29319419237749555,-0.2965675057208238,-0.0033733133433282436
139,50,1,100_vs_0,-0.670414673046252,-0.670414673046252,0.0
139,50,1,100_vs_50,-0.37722048066875646,-0.3738471673254282,0.0033733133433282436
140,50,0,50_vs_0,-0.29319419237749555,-0.2878718535469108,0.00532233883058475
140,50,0,100_vs_0,-0.670414673046252,-0.670414673046252,0.0
140,50,0,100_vs_50,-0.37722048066875646,-0.3825428194993412,-0.00532233883058475
141,50,1,50_vs_0,-0.29319419237749555,-0.2965675057208238,-0.0033733133433282436
141,50,1,100_vs_0,-0.670414673046252,-0.670414673046252,0.0
141,50,1,100_vs_50,-0.37722048066875646,-0.3738471673254282,0.0033733133433282436
142,50,1,50_vs_0,-0.29319419237749555,-0.2965675057208238,-0.0033733133433282436
142,50,1,100_vs_0,-0.670414673046252,-0.670414673046252,0.0
142,50,1,100_vs_50,-0.37722048066875646,-0.3738471673254282,0.0033733133433282436
143,50,0,50_vs_0,-0.29319419237749555,-0.2878718535469108,0.00532233883058475
143,50,0,100_vs_0,-0.670414673046252,-0.670414673046252,0.0
143,50,0,100_vs_50,-0.37722048066875646,-0.3825428194993412,-0.00532233883058475
144,50,0,50_vs_0,-0.29319419237749555,-0.2878718535469108,0.00532233883058475
144,50,0,100_vs_0,-0.670414673046252,-0.670414673046252,0.0
144,50,0,100_vs_50,-0.37722048066875646,-0.3825428194993412,-0.00532233883058475
145,50,1,50_vs_0,-0.29319419237749555,-0.2965675057208238,-0.0033733133433282436
145,50,1,100_vs_0,-0.670414673046252,-0.670414673046252,0.0
145,50,1,100_vs_50,-0.37722048066875646,-0.3738471673254282,0.0033733133433282436
146,50,1,50_vs_0,-0.29319419237749555,-0.2965675057208238,-0.0033733133433282436
146,50,1,100_vs_0,-0.670414673046252,-0.670414673046252,0.0
146,50,1,100_vs_50,-0.37722048066875646,-0.3738471673254282,0.0033733133433282436
147,50,1,50_vs_0,-0.29319419237749555,-0.2965675057208238,-0.0033733133433282436
147,50,1,100_vs_0,-0.670414673046252,-0.670414673046252,0.0
147,50,1,100_vs_50,-0.37722048066875646,-0.3738471673254282,0.0033733133433282436
148,50,0,50_vs_0,-0.29319419237749555,-0.2878718535469108,0.00532233883058475
148,50,0,100_vs_0,-0.670414673046252,-0.670414673046252,0.0
148,50,0,100_vs_50,-0.37722048066875646,-0.3825428194993412,-0.00532233883058475
149,50,1,50_vs_0,-0.29319419237749555,-0.2965675057208238,-0.0033733133433282436
149,50,1,100_vs_0,-0.670414673046252,-0.670414673046252,0.0
149,50,1,100_vs_50,-0.37722048066875646,-0.3738471673254282,0.0033733133433282436
150,50,1,50_vs_0,-0.29319419237749555,-0.2965675057208238,-0.0033733133433282436
150,50,1,100_vs_0,-0.670414673046252,-0.670414673046252,0.0
150,50,1,100_vs_50,-0.37722048066875646,-0.3738471673254282,0.0033733133433282436
151,50,1,50_vs_0,-0.29319419237749555,-0.2965675057208238,-0.0033733133433282436
151,50,1,100_vs_0,-0.670414673046252,-0.670414673046252,0.0
151,50,1,100_vs_50,-0.37722048066875646,-0.3738471673254282,0.0033733133433282436
152,50,1,50_vs_0,-0.29319419237749555,-0.2965675057208238,-0.0033733133433282436
152,50,1,100_vs_0,-0.670414673046252,-0.670414673046252,0.0
152,50,1,100_vs_50,-0.37722048066875646,-0.3738471673254282,0.0033733133433282436
153,50,0,50_vs_0,-0.29319419237749555,-0.2878718535469108,0.00532233883058475
153,50,0,100_vs_0,-0.670414673046252,-0.670414673046252,0.0
153,50,0,100_vs_50,-0.37722048066875646,-0.3825428194993412,-0.00532233883058475
154,50,0,50_vs_0,-0.29319419237749555,-0.2878718535469108,0.00532233883058475
154,50,0,100_vs_0,-0.670414673046252,-0.670414673046252,0.0
154,50,0,100_vs_50,-0.37722048066875646,-0.3825428194993412,-0.00532233883058475
155,50,1,50_vs_0,-0.29319419237749555,-0.2965675057208238,-0.0033733133433282436
155,50,1,100_vs_0,-0.670414673046252,-0.670414673046252,0.0
155,50,1,100_vs_50,-0.37722048066875646,-0.3738471673254282,0.0033733133433282436
156,50,1,50_vs_0,-0.29319419237749555,-0.2965675057208238,-0.0033733133433282436
156,50,1,100_vs_0,-0.670414673046252,-0.670414673046252,0.0
156,50,1,100_vs_50,-0.37722048066875646,-0.3738471673254282,0.0033733133433282436
157,50,0,50_vs_0,-0.29319419237749555,-0.2878718535469108,0.00532233883058475
157,50,0,100_vs_0,-0.670414673046252,-0.670414673046252,0.0
157,50,0,100_vs_50,-0.37722048066875646,-0.3825428194993412,-0.00532233883058475
158,50,1,50_vs_0,-0.29319419237749555,-0.2965675057208238,-0.0033733133433282436
158,50,1,100_vs_0,-0.670414673046252,-0.670414673046252,0.0
158,50,1,100_vs_50,-0.37722048066875646,-0.3738471673254282,0.0033733133433282436
159,50,1,50_vs_0,-0.29319419237749555,-0.2965675057208238,-0.0033733133433282436
159,50,1,100_vs_0,-0.670414673046252,-0.670414673046252,0.0
159,50,1,100_vs_50,-0.37722048066875646,-0.3738471673254282,0.0033733133433282436
160,50,1,50_vs_0,-0.29319419237749555,-0.2965675057208238,-0.0033733133433282436
160,50,1,100_vs_0,-0.670414673046252,-0.670414673046252,0.0
160,50,1,100_vs_50,-0.37722048066875646,-0.3738471673254282,0.0033733133433282436
161,50,1,50_vs_0,-0.29319419237749555,-0.2965675057208238,-0.0033733133433282436
161,50,1,100_vs_0,-0.670414673046252,-0.670414673046252,0.0
161,50,1,100_vs_50,-0.37722048066875646,-0.3738471673254282,0.0033733133433282436
162,50,1,50_vs_0,-0.29319419237749555,-0.2965675057208238,-0.0033733133433282436
162,50,1,100_vs_0,-0.670414673046252,-0.670414673046252,0.0
162,50,1,100_vs_50,-0.37722048066875646,-0.3738471673254282,0.0033733133433282436
163,50,0,50_vs_0,-0.29319419237749555,-0.2878718535469108,0.00532233883058475
163,50,0,100_vs_0,-0.670414673046252,-0.670414673046252,0.0
163,50,0,100_vs_50,-0.37722048066875646,-0.3825428194993412,-0.00532233883058475
164,50,1,50_vs_0,-0.29319419237749555,-0.2965675057208238,-0.0033733133433282436
164,50,1,100_vs_0,-0.670414673046252,-0.670414673046252,0.0
164,50,1,100_vs_50,-0.37722048066875646,-0.3738471673254282,0.0033733133433282436
165,50,0,50_vs_0,-0.29319419237749555,-0.2878718535469108,0.00532233883058475
165,50,0,100_vs_0,-0.670414673046252,-0.670414673046252,0.0
165,50,0,100_vs_50,-0.37722048066875646,-0.3825428194993412,-0.00532233883058475
166,50,0,50_vs_0,-0.29319419237749555,-0.2878718535469108,0.00532233883058475
166,50,0,100_vs_0,-0.670414673046252,-0.670414673046252,0.0
166,50,0,100_vs_50,-0.37722048066875646,-0.3825428194993412,-0.00532233883058475
167,50,0,50_vs_0,-0.29319419237749555,-0.2878718535469108,0.00532233883058475
167,50,0,100_vs_0,-0.670414673046252,-0.670414673046252,0.0
167,50,0,100_vs_50,-0.37722048066875646,-0.3825428194993412,-0.00532233883058475
168,50,1,50_vs_0,-0.29319419237749555,-0.2965675057208238,-0.0033733133433282436
168,50,1,100_vs_0,-0.670414673046252,-0.670414673046252,0.0
168,50,1,100_vs_50,-0.37722048066875646,-0.3738471673254282,0.0033733133433282436
169,50,0,50_vs_0,-0.29319419237749555,-0.2878718535469108,0.00532233883058475
169,50,0,100_vs_0,-0.670414673046252,-0.670414673046252,0.0
169,50,0,100_vs_50,-0.37722048066875646,-0.3825428194993412,-0.00532233883058475
170,50,1,50_vs_0,-0.29319419237749555,-0.2965675057208238,-0.0033733133433282436
170,50,1,100_vs_0,-0.670414673046252,-0.670414673046252,0.0
170,50,1,100_vs_50,-0.37722048066875646,-0.3738471673254282,0.0033733133433282436
171,50,1,50_vs_0,-0.29319419237749555,-0.2965675057208238,-0.0033733133433282436
171,50,1,100_vs_0,-0.670414673046252,-0.670414673046252,0.0
171,50,1,100_vs_50,-0.37722048066875646,-0.3738471673254282,0.0033733133433282436
172,50,1,50_vs_0,-0.29319419237749555,-0.2965675057208238,-0.0033733133433282436
172,50,1,100_vs_0,-0.670414673046252,-0.670414673046252,0.0
172,50,1,100_vs_50,-0.37722048066875646,-0.3738471673254282,0.0033733133433282436
173,50,1,50_vs_0,-0.29319419237749555,-0.2965675057208238,-0.0033733133433282436
173,50,1,100_vs_0,-0.670414673046252,-0.670414673046252,0.0
173,50,1,100_vs_50,-0.37722048066875646,-0.3738471673254282,0.0033733133433282436
174,50,1,50_vs_0,-0.29319419237749555,-0.2965675057208238,-0.0033733133433282436
174,50,1,100_vs_0,-0.670414673046252,-0.670414673046252,0.0
174,50,1,100_vs_50,-0.37722048066875646,-0.3738471673254282,0.0033733133433282436
175,50,0,50_vs_0,-0.29319419237749555,-0.2878718535469108,0.00532233883058475
175,50,0,100_vs_0,-0.670414673046252,-0.670414673046252,0.0
175,50,0,100_vs_50,-0.37722048066875646,-0.3825428194993412,-0.00532233883058475
176,50,1,50_vs_0,-0.29319419237749555,-0.2965675057208238,-0.0033733133433282436
176,50,1,100_vs_0,-0.670414673046252,-0.670414673046252,0.0
176,50,1,100_vs_50,-0.37722048066875646,-0.3738471673254282,0.0033733133433282436
177,50,1,50_vs_0,-0.29319419237749555,-0.2965675057208238,-0.0033733133433282436
177,50,1,100_vs_0,-0.670414673046252,-0.670414673046252,0.0
177,50,1,100_vs_50,-0.37722048066875646,-0.3738471673254282,0.0033733133433282436
178,50,1,50_vs_0,-0.29319419237749555,-0.2965675057208238,-0.0033733133433282436
178,50,1,100_vs_0,-0.670414673046252,-0.670414673046252,0.0
178,50,1,100_vs_50,-0.37722048066875646,-0.3738471673254282,0.0033733133433282436
179,50,0,50_vs_0,-0.29319419237749555,-0.2878718535469108,0.00532233883058475
179,50,0,100_vs_0,-0.670414673046252,-0.670414673046252,0.0
179,50,0,100_vs_50,-0.37722048066875646,-0.3825428194993412,-0.00532233883058475
180,50,0,50_vs_0,-0.29319419237749555,-0.2878718535469108,0.00532233883058475
180,50,0,100_vs_0,-0.670414673046252,-0.670414673046252,0.0
180,50,0,100_vs_50,-0.37722048066875646,-0.3825428194993412,-0.00532233883058475
181,50,1,50_vs_0,-0.29319419237749555,-0.2965675057208238,-0.0033733133433282436
181,50,1,100_vs_0,-0.670414673046252,-0.670414673046252,0.0
181,50,1,100_vs_50,-0.37722048066875646,-0.3738471673254282,0.0033733133433282436
182,50,0,50_vs_0,-0.29319419237749555,-0.2878718535469108,0.00532233883058475
182,50,0,100_vs_0,-0.670414673046252,-0.670414673046252,0.0
182,50,0,100_vs_50,-0.37722048066875646,-0.3825428194993412,-0.00532233883058475
183,50,0,50_vs_0,-0.29319419237749555,-0.2878718535469108,0.00532233883058475
183,50,0,100_vs_0,-0.670414673046252,-0.670414673046252,0.0
183,50,0,100_vs_50,-0.37722048066875646,-0.3825428194993412,-0.00532233883058475
184,50,1,50_vs_0,-0.29319419237749555,-0.2965675057208238,-0.0033733133433282436
184,50,1,100_vs_0,-0.670414673046252,-0.670414673046252,0.0
184,50,1,100_vs_50,-0.37722048066875646,-0.3738471673254282,0.0033733133433282436
185,50,1,50_vs_0,-0.29319419237749555,-0.2965675057208238,-0.0033733133433282436
185,50,1,100_vs_0,-0.670414673046252,-0.670414673046252,0.0
185,50,1,100_vs_50,-0.37722048066875646,-0.3738471673254282,0.0033733133433282436
186,50,0,50_vs_0,-0.29319419237749555,-0.2878718535469108,0.00532233883058475
186,50,0,100_vs_0,-0.670414673046252,-0.670414673046252,0.0
186,50,0,100_vs_50,-0.37722048066875646,-0.3825428194993412,-0.00532233883058475
187,50,1,50_vs_0,-0.29319419237749555,-0.2965675057208238,-0.0033733133433282436
187,50,1,100_vs_0,-0.670414673046252,-0.670414673046252,0.0
187,50,1,100_vs_50,-0.37722048066875646,-0.3738471673254282,0.0033733133433282436
188,50,1,50_vs_0,-0.29319419237749555,-0.2965675057208238,-0.0033733133433282436
188,50,1,100_vs_0,-0.670414673046252,-0.670414673046252,0.0
188,50,1,100_vs_50,-0.37722048066875646,-0.3738471673254282,0.0033733133433282436
189,50,1,50_vs_0,-0.29319419237749555,-0.2965675057208238,-0.0033733133433282436
189,50,1,100_vs_0,-0.670414673046252,-0.670414673046252,0.0
189,50,1,100_vs_50,-0.37722048066875646,-0.3738471673254282,0.0033733133433282436
190,50,1,50_vs_0,-0.29319419237749555,-0.2965675057208238,-0.0033733133433282436
190,50,1,100_vs_0,-0.670414673046252,-0.670414673046252,0.0
190,50,1,100_vs_50,-0.37722048066875646,-0.3738471673254282,0.0033733133433282436
191,50,0,50_vs_0,-0.29319419237749555,-0.2878718535469108,0.00532233883058475
191,50,0,100_vs_0,-0.670414673046252,-0.670414673046252,0.0
191,50,0,100_vs_50,-0.37722048066875646,-0.3825428194993412,-0.00532233883058475
192,50,1,50_vs_0,-0.29319419237749555,-0.2965675057208238,-0.0033733133433282436
192,50,1,100_vs_0,-0.670414673046252,-0.670414673046252,0.0
192,50,1,100_vs_50,-0.37722048066875646,-0.3738471673254282,0.0033733133433282436
193,50,0,50_vs_0,-0.29319419237749555,-0.2878718535469108,0.00532233883058475
193,50,0,100_vs_0,-0.670414673046252,-0.670414673046252,0.0
193,50,0,100_vs_50,-0.37722048066875646,-0.3825428194993412,-0.00532233883058475
194,50,1,50_vs_0,-0.29319419237749555,-0.2965675057208238,-0.0033733133433282436
194,50,1,100_vs_0,-0.670414673046252,-0.670414673046252,0.0
194,50,1,100_vs_50,-0.37722048066875646,-0.3738471673254282,0.0033733133433282436
195,50,1,50_vs_0,-0.29319419237749555,-0.2965675057208238,-0.0033733133433282436
195,50,1,100_vs_0,-0.670414673046252,-0.670414673046252,0.0
195,50,1,100_vs_50,-0.37722048066875646,-0.3738471673254282,0.0033733133433282436
196,50,1,50_vs_0,-0.29319419237749555,-0.2965675057208238,-0.0033733133433282436
196,50,1,100_vs_0,-0.670414673046252,-0.670414673046252,0.0
196,50,1,100_vs_50,-0.37722048066875646,-0.3738471673254282,0.0033733133433282436
197,50,1,50_vs_0,-0.29319419237749555,-0.2965675057208238,-0.0033733133433282436
197,50,1,100_vs_0,-0.670414673046252,-0.670414673046252,0.0
197,50,1,100_vs_50,-0.37722048066875646,-0.3738471673254282,0.0033733133433282436
198,50,1,50_vs_0,-0.29319419237749555,-0.2965675057208238,-0.0033733133433282436
198,50,1,100_vs_0,-0.670414673046252,-0.670414673046252,0.0
198,50,1,100_vs_50,-0.37722048066875646,-0.3738471673254282,0.0033733133433282436
199,50,1,50_vs_0,-0.29319419237749555,-0.2965675057208238,-0.0033733133433282436
199,50,1,100_vs_0,-0.670414673046252,-0.670414673046252,0.0
199,50,1,100_vs_50,-0.37722048066875646,-0.3738471673254282,0.0033733133433282436
200,50,1,50_vs_0,-0.29319419237749555,-0.2965675057208238,-0.0033733133433282436
200,50,1,100_vs_0,-0.670414673046252,-0.670414673046252,0.0
200,50,1,100_vs_50,-0.37722048066875646,-0.3738471673254282,0.0033733133433282436
201,50,1,50_vs_0,-0.29319419237749555,-0.2965675057208238,-0.0033733133433282436
201,50,1,100_vs_0,-0.670414673046252,-0.670414673046252,0.0
201,50,1,100_vs_50,-0.37722048066875646,-0.3738471673254282,0.0033733133433282436
202,50,0,50_vs_0,-0.29319419237749555,-0.2878718535469108,0.00532233883058475
202,50,0,100_vs_0,-0.670414673046252,-0.670414673046252,0.0
202,50,0,100_vs_50,-0.37722048066875646,-0.3825428194993412,-0.00532233883058475
203,50,1,50_vs_0,-0.29319419237749555,-0.2965675057208238,-0.0033733133433282436
203,50,1,100_vs_0,-0.670414673046252,-0.670414673046252,0.0
203,50,1,100_vs_50,-0.37722048066875646,-0.3738471673254282,0.0033733133433282436
204,50,1,50_vs_0,-0.29319419237749555,-0.2965675057208238,-0.0033733133433282436
204,50,1,100_vs_0,-0.670414673046252,-0.670414673046252,0.0
204,50,1,100_vs_50,-0.37722048066875646,-0.3738471673254282,0.0033733133433282436
205,50,1,50_vs_0,-0.29319419237749555,-0.2965675057208238,-0.0033733133433282436
205,50,1,100_vs_0,-0.670414673046252,-0.670414673046252,0.0
205,50,1,100_vs_50,-0.37722048066875646,-0.3738471673254282,0.0033733133433282436
206,50,1,50_vs_0,-0.29319419237749555,-0.2965675057208238,-0.0033733133433282436
206,50,1,100_vs_0,-0.670414673046252,-0.670414673046252,0.0
206,50,1,100_vs_50,-0.37722048066875646,-0.3738471673254282,0.0033733133433282436
207,50,1,50_vs_0,-0.29319419237749555,-0.2965675057208238,-0.0033733133433282436
207,50,1,100_vs_0,-0.670414673046252,-0.670414673046252,0.0
207,50,1,100_vs_50,-0.37722048066875646,-0.3738471673254282,0.0033733133433282436
208,50,0,50_vs_0,-0.29319419237749555,-0.2878718535469108,0.00532233883058475
208,50,0,100_vs_0,-0.670414673046252,-0.670414673046252,0.0
208,50,0,100_vs_50,-0.37722048066875646,-0.3825428194993412,-0.00532233883058475
209,50,1,50_vs_0,-0.29319419237749555,-0.2965675057208238,-0.0033733133433282436
209,50,1,100_vs_0,-0.670414673046252,-0.670414673046252,0.0
209,50,1,100_vs_50,-0.37722048066875646,-0.3738471673254282,0.0033733133433282436
210,50,1,50_vs_0,-0.29319419237749555,-0.2965675057208238,-0.0033733133433282436
210,50,1,100_vs_0,-0.670414673046252,-0.670414673046252,0.0
210,50,1,100_vs_50,-0.37722048066875646,-0.3738471673254282,0.0033733133433282436
211,50,1,50_vs_0,-0.29319419237749555,-0.2965675057208238,-0.0033733133433282436
211,50,1,100_vs_0,-0.670414673046252,-0.670414673046252,0.0
211,50,1,100_vs_50,-0.37722048066875646,-0.3738471673254282,0.0033733133433282436
212,50,0,50_vs_0,-0.29319419237749555,-0.2878718535469108,0.00532233883058475
212,50,0,100_vs_0,-0.670414673046252,-0.670414673046252,0.0
212,50,0,100_vs_50,-0.37722048066875646,-0.3825428194993412,-0.00532233883058475
213,100,0,50_vs_0,-0.29319419237749555,-0.29319419237749555,0.0
213,100,0,100_vs_0,-0.670414673046252,-0.6686219365206911,0.0017927365255608896
213,100,0,100_vs_50,-0.37722048066875646,-0.3754277441431955,0.001792736525560945
214,100,0,50_vs_0,-0.29319419237749555,-0.29319419237749555,0.0
214,100,0,100_vs_0,-0.670414673046252,-0.6686219365206911,0.0017927365255608896
214,100,0,100_vs_50,-0.37722048066875646,-0.3754277441431955,0.001792736525560945
215,100,0,50_vs_0,-0.29319419237749555,-0.29319419237749555,0.0
215,100,0,100_vs_0,-0.670414673046252,-0.6686219365206911,0.0017927365255608896
215,100,0,100_vs_50,-0.37722048066875646,-0.3754277441431955,0.001792736525560945
216,100,0,50_vs_0,-0.29319419237749555,-0.29319419237749555,0.0
216,100,0,100_vs_0,-0.670414673046252,-0.6686219365206911,0.0017927365255608896
216,100,0,100_vs_50,-0.37722048066875646,-0.3754277441431955,0.001792736525560945
217,100,0,50_vs_0,-0.29319419237749555,-0.29319419237749555,0.0
217,100,0,100_vs_0,-0.670414673046252,-0.6686219365206911,0.0017927365255608896
217,100,0,100_vs_50,-0.37722048066875646,-0.3754277441431955,0.001792736525560945
218,100,0,50_vs_0,-0.29319419237749555,-0.29319419237749555,0.0
218,100,0,100_vs_0,-0.670414673046252,-0.6686219365206911,0.0017927365255608896
218,100,0,100_vs_50,-0.37722048066875646,-0.3754277441431955,0.001792736525560945
219,100,1,50_vs_0,-0.29319419237749555,-0.29319419237749555,0.0
219,100,1,100_vs_0,-0.670414673046252,-0.6762555243069506,-0.005840851260698554
219,100,1,100_vs_50,-0.37722048066875646,-0.3830613319294551,-0.00584085126069861
220,100,0,50_vs_0,-0.29319419237749555,-0.29319419237749555,0.0
220,100,0,100_vs_0,-0.670414673046252,-0.6686219365206911,0.0017927365255608896
220,100,0,100_vs_50,-0.37722048066875646,-0.3754277441431955,0.001792736525560945
221,100,1,50_vs_0,-0.29319419237749555,-0.29319419237749555,0.0
221,100,1,100_vs_0,-0.670414673046252,-0.6762555243069506,-0.005840851260698554
221,100,1,100_vs_50,-0.37722048066875646,-0.3830613319294551,-0.00584085126069861
222,100,0,50_vs_0,-0.29319419237749555,-0.29319419237749555,0.0
222,100,0,100_vs_0,-0.670414673046252,-0.6686219365206911,0.0017927365255608896
222,100,0,100_vs_50,-0.37722048066875646,-0.3754277441431955,0.001792736525560945
223,100,0,50_vs_0,-0.29319419237749555,-0.29319419237749555,0.0
223,100,0,100_vs_0,-0.670414673046252,-0.6686219365206911,0.0017927365255608896
223,100,0,100_vs_50,-0.37722048066875646,-0.3754277441431955,0.001792736525560945
224,100,0,50_vs_0,-0.29319419237749555,-0.29319419237749555,0.0
224,100,0,100_vs_0,-0.670414673046252,-0.6686219365206911,0.0017927365255608896
224,100,0,100_vs_50,-0.37722048066875646,-0.3754277441431955,0.001792736525560945
225,100,1,50_vs_0,-0.29319419237749555,-0.29319419237749555,0.0
225,100,1,100_vs_0,-0.670414673046252,-0.6762555243069506,-0.005840851260698554
225,100,1,100_vs_50,-0.37722048066875646,-0.3830613319294551,-0.00584085126069861
226,100,0,50_vs_0,-0.29319419237749555,-0.29319419237749555,0.0
226,100,0,100_vs_0,-0.670414673046252,-0.6686219365206911,0.0017927365255608896
226,100,0,100_vs_50,-0.37722048066875646,-0.3754277441431955,0.001792736525560945
227,100,0,50_vs_0,-0.29319419237749555,-0.29319419237749555,0.0
227,100,0,100_vs_0,-0.670414673046252,-0.6686219365206911,0.0017927365255608896
227,100,0,100_vs_50,-0.37722048066875646,-0.3754277441431955,0.001792736525560945
228,100,0,50_vs_0,-0.29319419237749555,-0.29319419237749555,0.0
228,100,0,100_vs_0,-0.670414673046252,-0.6686219365206911,0.0017927365255608896
228,100,0,100_vs_50,-0.37722048066875646,-0.3754277441431955,0.001792736525560945
229,100,0,50_vs_0,-0.29319419237749555,-0.29319419237749555,0.0
229,100,0,100_vs_0,-0.670414673046252,-0.6686219365206911,0.0017927365255608896
229,100,0,100_vs_50,-0.37722048066875646,-0.3754277441431955,0.001792736525560945
230,100,1,50_vs_0,-0.29319419237749555,-0.29319419237749555,0.0
230,100,1,100_vs_0,-0.670414673046252,-0.6762555243069506,-0.005840851260698554
230,100,1,100_vs_50,-0.37722048066875646,-0.3830613319294551,-0.00584085126069861
231,100,0,50_vs_0,-0.29319419237749555,-0.29319419237749555,0.0
231,100,0,100_vs_0,-0.670414673046252,-0.6686219365206911,0.0017927365255608896
231,100,0,100_vs_50,-0.37722048066875646,-0.3754277441431955,0.001792736525560945
232,100,0,50_vs_0,-0.29319419237749555,-0.29319419237749555,0.0
232,100,0,100_vs_0,-0.670414673046252,-0.6686219365206911,0.0017927365255608896
232,100,0,100_vs_50,-0.37722048066875646,-0.3754277441431955,0.001792736525560945
233,100,1,50_vs_0,-0.29319419237749555,-0.29319419237749555,0.0
233,100,1,100_vs_0,-0.670414673046252,-0.6762555243069506,-0.005840851260698554
233,100,1,100_vs_50,-0.37722048066875646,-0.3830613319294551,-0.00584085126069861
234,100,0,50_vs_0,-0.29319419237749555,-0.29319419237749555,0.0
234,100,0,100_vs_0,-0.670414673046252,-0.6686219365206911,0.0017927365255608896
234,100,0,100_vs_50,-0.37722048066875646,-0.3754277441431955,0.001792736525560945
235,100,0,50_vs_0,-0.29319419237749555,-0.29319419237749555,0.0
235,100,0,100_vs_0,-0.670414673046252,-0.6686219365206911,0.0017927365255608896
235,100,0,100_vs_50,-0.37722048066875646,-0.3754277441431955,0.001792736525560945
236,100,0,50_vs_0,-0.29319419237749555,-0.29319419237749555,0.0
236,100,0,100_vs_0,-0.670414673046252,-0.6686219365206911,0.0017927365255608896
236,100,0,100_vs_50,-0.37722048066875646,-0.3754277441431955,0.001792736525560945
237,100,1,50_vs_0,-0.29319419237749555,-0.29319419237749555,0.0
237,100,1,100_vs_0,-0.670414673046252,-0.6762555243069506,-0.005840851260698554
237,100,1,100_vs_50,-0.37722048066875646,-0.3830613319294551,-0.00584085126069861
238,100,0,50_vs_0,-0.29319419237749555,-0.29319419237749555,0.0
238,100,0,100_vs_0,-0.670414673046252,-0.6686219365206911,0.0017927365255608896
238,100,0,100_vs_50,-0.37722048066875646,-0.3754277441431955,0.001792736525560945
239,100,0,50_vs_0,-0.29319419237749555,-0.29319419237749555,0.0
239,100,0,100_vs_0,-0.670414673046252,-0.6686219365206911,0.0017927365255608896
239,100,0,100_vs_50,-0.37722048066875646,-0.3754277441431955,0.001792736525560945
240,100,0,50_vs_0,-0.29319419237749555,-0.29319419237749555,0.0
240,100,0,100_vs_0,-0.670414673046252,-0.6686219365206911,0.0017927365255608896
240,100,0,100_vs_50,-0.37722048066875646,-0.3754277441431955,0.001792736525560945
241,100,1,50_vs_0,-0.29319419237749555,-0.29319419237749555,0.0
241,100,1,100_vs_0,-0.670414673046252,-0.6762555243069506,-0.005840851260698554
241,100,1,100_vs_50,-0.37722048066875646,-0.3830613319294551,-0.00584085126069861
242,100,0,50_vs_0,-0.29319419237749555,-0.29319419237749555,0.0
242,100,0,100_vs_0,-0.670414673046252,-0.6686219365206911,0.0017927365255608896
242,100,0,100_vs_50,-0.37722048066875646,-0.3754277441431955,0.001792736525560945
243,100,0,50_vs_0,-0.29319419237749555,-0.29319419237749555,0.0
243,100,0,100_vs_0,-0.670414673046252,-0.6686219365206911,0.0017927365255608896
243,100,0,100_vs_50,-0.37722048066875646,-0.3754277441431955,0.001792736525560945
244,100,0,50_vs_0,-0.29319419237749555,-0.29319419237749555,0.0
244,100,0,100_vs_0,-0.670414673046252,-0.6686219365206911,0.0017927365255608896
244,100,0,100_vs_50,-0.37722048066875646,-0.3754277441431955,0.001792736525560945
245,100,0,50_vs_0,-0.29319419237749555,-0.29319419237749555,0.0
245,100,0,100_vs_0,-0.670414673046252,-0.6686219365206911,0.0017927365255608896
245,100,0,100_vs_50,-0.37722048066875646,-0.3754277441431955,0.001792736525560945
246,100,0,50_vs_0,-0.29319419237749555,-0.29319419237749555,0.0
246,100,0,100_vs_0,-0.670414673046252,-0.6686219365206911,0.0017927365255608896
246,100,0,100_vs_50,-0.37722048066875646,-0.3754277441431955,0.001792736525560945
247,100,0,50_vs_0,-0.29319419237749555,-0.29319419237749555,0.0
247,100,0,100_vs_0,-0.670414673046252,-0.6686219365206911,0.0017927365255608896
247,100,0,100_vs_50,-0.37722048066875646,-0.3754277441431955,0.001792736525560945
248,100,0,50_vs_0,-0.29319419237749555,-0.29319419237749555,0.0
248,100,0,100_vs_0,-0.670414673046252,-0.6686219365206911,0.0017927365255608896
248,100,0,100_vs_50,-0.37722048066875646,-0.3754277441431955,0.001792736525560945
249,100,1,50_vs_0,-0.29319419237749555,-0.29319419237749555,0.0
249,100,1,100_vs_0,-0.670414673046252,-0.6762555243069506,-0.005840851260698554
249,100,1,100_vs_50,-0.37722048066875646,-0.3830613319294551,-0.00584085126069861
250,100,0,50_vs_0,-0.29319419237749555,-0.29319419237749555,0.0
250,100,0,100_vs_0,-0.670414673046252,-0.6686219365206911,0.0017927365255608896
250,100,0,100_vs_50,-0.37722048066875646,-0.3754277441431955,0.001792736525560945
251,100,0,50_vs_0,-0.29319419237749555,-0.29319419237749555,0.0
251,100,0,100_vs_0,-0.670414673046252,-0.6686219365206911,0.0017927365255608896
251,100,0,100_vs_50,-0.37722048066875646,-0.3754277441431955,0.001792736525560945
252,100,1,50_vs_0,-0.29319419237749555,-0.29319419237749555,0.0
252,100,1,100_vs_0,-0.670414673046252,-0.6762555243069506,-0.005840851260698554
252,100,1,100_vs_50,-0.37722048066875646,-0.3830613319294551,-0.00584085126069861
253,100,0,50_vs_0,-0.29319419237749555,-0.29319419237749555,0.0
253,100,0,100_vs_0,-0.670414673046252,-0.6686219365206911,0.0017927365255608896
253,100,0,100_vs_50,-0.37722048066875646,-0.3754277441431955,0.001792736525560945
254,100,1,50_vs_0,-0.29319419237749555,-0.29319419237749555,0.0
254,100,1,100_vs_0,-0.670414673046252,-0.6762555243069506,-0.005840851260698554
254,100,1,100_vs_50,-0.37722048066875646,-0.3830613319294551,-0.00584085126069861
255,100,0,50_vs_0,-0.29319419237749555,-0.29319419237749555,0.0
255,100,0,100_vs_0,-0.670414673046252,-0.6686219365206911,0.0017927365255608896
255,100,0,100_vs_50,-0.37722048066875646,-0.3754277441431955,0.001792736525560945
256,100,0,50_vs_0,-0.29319419237749555,-0.29319419237749555,0.0
256,100,0,100_vs_0,-0.670414673046252,-0.6686219365206911,0.0017927365255608896
256,100,0,100_vs_50,-0.37722048066875646,-0.3754277441431955,0.001792736525560945
257,100,0,50_vs_0,-0.29319419237749555,-0.29319419237749555,0.0
257,100,0,100_vs_0,-0.670414673046252,-0.6686219365206911,0.0017927365255608896
257,100,0,100_vs_50,-0.37722048066875646,-0.3754277441431955,0.001792736525560945
258,100,0,50_vs_0,-0.29319419237749555,-0.29319419237749555,0.0
258,100,0,100_vs_0,-0.670414673046252,-0.6686219365206911,0.0017927365255608896
258,100,0,100_vs_50,-0.37722048066875646,-0.3754277441431955,0.001792736525560945
259,100,0,50_vs_0,-0.29319419237749555,-0.29319419237749555,0.0
259,100,0,100_vs_0,-0.670414673046252,-0.6686219365206911,0.0017927365255608896
259,100,0,100_vs_50,-0.37722048066875646,-0.3754277441431955,0.001792736525560945
260,100,0,50_vs_0,-0.29319419237749555,-0.29319419237749555,0.0
260,100,0,100_vs_0,-0.670414673046252,-0.6686219365206911,0.0017927365255608896
260,100,0,100_vs_50,-0.37722048066875646,-0.3754277441431955,0.001792736525560945
261,100,0,50_vs_0,-0.29319419237749555,-0.29319419237749555,0.0
261,100,0,100_vs_0,-0.670414673046252,-0.6686219365206911,0.0017927365255608896
261,100,0,100_vs_50,-0.37722048066875646,-0.3754277441431955,0.001792736525560945
262,100,0,50_vs_0,-0.29319419237749555,-0.29319419237749555,0.0
262,100,0,100_vs_0,-0.670414673046252,-0.6686219365206911,0.0017927365255608896
262,100,0,100_vs_50,-0.37722048066875646,-0.3754277441431955,0.001792736525560945
263,100,1,50_vs_0,-0.29319419237749555,-0.29319419237749555,0.0
263,100,1,100_vs_0,-0.670414673046252,-0.6762555243069506,-0.005840851260698554
263,100,1,100_vs_50,-0.37722048066875646,-0.3830613319294551,-0.00584085126069861
264,100,1,50_vs_0,-0.29319419237749555,-0.29319419237749555,0.0
264,100,1,100_vs_0,-0.670414673046252,-0.6762555243069506,-0.005840851260698554
264,100,1,100_vs_50,-0.37722048066875646,-0.3830613319294551,-0.00584085126069861
265,100,0,50_vs_0,-0.29319419237749555,-0.29319419237749555,0.0
265,100,0,100_vs_0,-0.670414673046252,-0.6686219365206911,0.0017927365255608896
265,100,0,100_vs_50,-0.37722048066875646,-0.3754277441431955,0.001792736525560945
266,100,1,50_vs_0,-0.29319419237749555,-0.29319419237749555,0.0
266,100,1,100_vs_0,-0.670414673046252,-0.6762555243069506,-0.005840851260698554
266,100,1,100_vs_50,-0.37722048066875646,-0.3830613319294551,-0.00584085126069861
267,100,0,50_vs_0,-0.29319419237749555,-0.29319419237749555,0.0
267,100,0,100_vs_0,-0.670414673046252,-0.6686219365206911,0.0017927365255608896
267,100,0,100_vs_50,-0.37722048066875646,-0.3754277441431955,0.001792736525560945
268,100,0,50_vs_0,-0.29319419237749555,-0.29319419237749555,0.0
268,100,0,100_vs_0,-0.670414673046252,-0.6686219365206911,0.0017927365255608896
268,100,0,100_vs_50,-0.37722048066875646,-0.3754277441431955,0.001792736525560945
269,100,1,50_vs_0,-0.29319419237749555,-0.29319419237749555,0.0
269,100,1,100_vs_0,-0.670414673046252,-0.6762555243069506,-0.005840851260698554
269,100,1,100_vs_50,-0.37722048066875646,-0.3830613319294551,-0.00584085126069861
270,100,1,50_vs_0,-0.29319419237749555,-0.29319419237749555,0.0
270,100,1,100_vs_0,-0.670414673046252,-0.6762555243069506,-0.005840851260698554
270,100,1,100_vs_50,-0.37722048066875646,-0.3830613319294551,-0.00584085126069861
271,100,0,50_vs_0,-0.29319419237749555,-0.29319419237749555,0.0
271,100,0,100_vs_0,-0.670414673046252,-0.6686219365206911,0.0017927365255608896
271,100,0,100_vs_50,-0.37722048066875646,-0.3754277441431955,0.001792736525560945
272,100,0,50_vs_0,-0.29319419237749555,-0.29319419237749555,0.0
272,100,0,100_vs_0,-0.670414673046252,-0.6686219365206911,0.0017927365255608896
272,100,0,100_vs_50,-0.37722048066875646,-0.3754277441431955,0.001792736525560945
273,100,0,50_vs_0,-0.29319419237749555,-0.29319419237749555,0.0
273,100,0,100_vs_0,-0.670414673046252,-0.6686219365206911,0.0017927365255608896
273,100,0,100_vs_50,-0.37722048066875646,-0.3754277441431955,0.001792736525560945
274,100,1,50_vs_0,-0.29319419237749555,-0.29319419237749555,0.0
274,100,1,100_vs_0,-0.670414673046252,-0.6762555243069506,-0.005840851260698554
274,100,1,100_vs_50,-0.37722048066875646,-0.3830613319294551,-0.00584085126069861
275,100,1,50_vs_0,-0.29319419237749555,-0.29319419237749555,0.0
275,100,1,100_vs_0,-0.670414673046252,-0.6762555243069506,-0.005840851260698554
275,100,1,100_vs_50,-0.37722048066875646,-0.3830613319294551,-0.00584085126069861
276,100,0,50_vs_0,-0.29319419237749555,-0.29319419237749555,0.0
276,100,0,100_vs_0,-0.670414673046252,-0.6686219365206911,0.0017927365255608896
276,100,0,100_vs_50,-0.37722048066875646,-0.3754277441431955,0.001792736525560945
277,100,0,50_vs_0,-0.29319419237749555,-0.29319419237749555,0.0
277,100,0,100_vs_0,-0.670414673046252,-0.6686219365206911,0.0017927365255608896
277,100,0,100_vs_50,-0.37722048066875646,-0.3754277441431955,0.001792736525560945
278,100,0,50_vs_0,-0.29319419237749555,-0.29319419237749555,0.0
278,100,0,100_vs_0,-0.670414673046252,-0.6686219365206911,0.0017927365255608896
278,100,0,100_vs_50,-0.37722048066875646,-0.3754277441431955,0.001792736525560945
279,100,0,50_vs_0,-0.29319419237749555,-0.29319419237749555,0.0
279,100,0,100_vs_0,-0.670414673046252,-0.6686219365206911,0.0017927365255608896
279,100,0,100_vs_50,-0.37722048066875646,-0.3754277441431955,0.001792736525560945
280,100,0,50_vs_0,-0.29319419237749555,-0.29319419237749555,0.0
280,100,0,100_vs_0,-0.670414673046252,-0.6686219365206911,0.0017927365255608896
280,100,0,100_vs_50,-0.37722048066875646,-0.3754277441431955,0.001792736525560945
281,100,0,50_vs_0,-0.29319419237749555,-0.29319419237749555,0.0
281,100,0,100_vs_0,-0.670414673046252,-0.6686219365206911,0.0017927365255608896
281,100,0,100_vs_50,-0.37722048066875646,-0.3754277441431955,0.001792736525560945
282,100,1,50_vs_0,-0.29319419237749555,-0.29319419237749555,0.0
282,100,1,100_vs_0,-0.670414673046252,-0.6762555243069506,-0.005840851260698554
282,100,1,100_vs_50,-0.37722048066875646,-0.3830613319294551,-0.00584085126069861
283,100,1,50_vs_0,-0.29319419237749555,-0.29319419237749555,0.0
283,100,1,100_vs_0,-0.670414673046252,-0.6762555243069506,-0.005840851260698554
283,100,1,100_vs_50,-0.37722048066875646,-0.3830613319294551,-0.00584085126069861
284,100,0,50_vs_0,-0.29319419237749555,-0.29319419237749555,0.0
284,100,0,100_vs_0,-0.670414673046252,-0.6686219365206911,0.0017927365255608896
284,100,0,100_vs_50,-0.37722048066875646,-0.3754277441431955,0.001792736525560945
285,100,1,50_vs_0,-0.29319419237749555,-0.29319419237749555,0.0
285,100,1,100_vs_0,-0.670414673046252,-0.6762555243069506,-0.005840851260698554
285,100,1,100_vs_50,-0.37722048066875646,-0.3830613319294551,-0.00584085126069861
286,100,0,50_vs_0,-0.29319419237749555,-0.29319419237749555,0.0
286,100,0,100_vs_0,-0.670414673046252,-0.6686219365206911,0.0017927365255608896
286,100,0,100_vs_50,-0.37722048066875646,-0.3754277441431955,0.001792736525560945
287,100,0,50_vs_0,-0.29319419237749555,-0.29319419237749555,0.0
287,100,0,100_vs_0,-0.670414673046252,-0.6686219365206911,0.0017927365255608896
287,100,0,100_vs_50,-0.37722048066875646,-0.3754277441431955,0.001792736525560945
288,100,1,50_vs_0,-0.29319419237749555,-0.29319419237749555,0.0
288,100,1,100_vs_0,-0.670414673046252,-0.6762555243069506,-0.005840851260698554
288,100,1,100_vs_50,-0.37722048066875646,-0.3830613319294551,-0.00584085126069861
289,100,0,50_vs_0,-0.29319419237749555,-0.29319419237749555,0.0
289,100,0,100_vs_0,-0.670414673046252,-0.6686219365206911,0.0017927365255608896
289,100,0,100_vs_50,-0.37722048066875646,-0.3754277441431955,0.001792736525560945
290,100,0,50_vs_0,-0.29319419237749555,-0.29319419237749555,0.0
290,100,0,100_vs_0,-0.670414673046252,-0.6686219365206911,0.0017927365255608896
290,100,0,100_vs_50,-0.37722048066875646,-0.3754277441431955,0.001792736525560945
291,100,1,50_vs_0,-0.29319419237749555,-0.29319419237749555,0.0
291,100,1,100_vs_0,-0.670414673046252,-0.6762555243069506,-0.005840851260698554
291,100,1,100_vs_50,-0.37722048066875646,-0.3830613319294551,-0.00584085126069861
292,100,0,50_vs_0,-0.29319419237749555,-0.29319419237749555,0.0
292,100,0,100_vs_0,-0.670414673046252,-0.6686219365206911,0.0017927365255608896
292,100,0,100_vs_50,-0.37722048066875646,-0.3754277441431955,0.001792736525560945
293,100,0,50_vs_0,-0.29319419237749555,-0.29319419237749555,0.0
293,100,0,100_vs_0,-0.670414673046252,-0.6686219365206911,0.0017927365255608896
293,100,0,100_vs_50,-0.37722048066875646,-0.3754277441431955,0.001792736525560945
294,100,0,50_vs_0,-0.29319419237749555,-0.29319419237749555,0.0
294,100,0,100_vs_0,-0.670414673046252,-0.6686219365206911,0.0017927365255608896
294,100,0,100_vs_50,-0.37722048066875646,-0.3754277441431955,0.001792736525560945
295,100,0,50_vs_0,-0.29319419237749555,-0.29319419237749555,0.0
295,100,0,100_vs_0,-0.670414673046252,-0.6686219365206911,0.0017927365255608896
295,100,0,100_vs_50,-0.37722048066875646,-0.3754277441431955,0.001792736525560945
296,100,0,50_vs_0,-0.29319419237749555,-0.29319419237749555,0.0
296,100,0,100_vs_0,-0.670414673046252,-0.6686219365206911,0.0017927365255608896
296,100,0,100_vs_50,-0.37722048066875646,-0.3754277441431955,0.001792736525560945
297,100,0,50_vs_0,-0.29319419237749555,-0.29319419237749555,0.0
297,100,0,100_vs_0,-0.670414673046252,-0.6686219365206911,0.0017927365255608896
297,100,0,100_vs_50,-0.37722048066875646,-0.3754277441431955,0.001792736525560945
298,100,0,50_vs_0,-0.29319419237749555,-0.29319419237749555,0.0
298,100,0,100_vs_0,-0.670414673046252,-0.6686219365206911,0.0017927365255608896
298,100,0,100_vs_50,-0.37722048066875646,-0.3754277441431955,0.001792736525560945
299,100,0,50_vs_0,-0.29319419237749555,-0.29319419237749555,0.0
299,100,0,100_vs_0,-0.670414673046252,-0.6686219365206911,0.0017927365255608896
299,100,0,100_vs_50,-0.37722048066875646,-0.3754277441431955,0.001792736525560945
300,100,0,50_vs_0,-0.29319419237749555,-0.29319419237749555,0.0
300,100,0,100_vs_0,-0.670414673046252,-0.6686219365206911,0.0017927365255608896
300,100,0,100_vs_50,-0.37722048066875646,-0.3754277441431955,0.001792736525560945
301,100,0,50_vs_0,-0.29319419237749555,-0.29319419237749555,0.0
301,100,0,100_vs_0,-0.670414673046252,-0.6686219365206911,0.0017927365255608896
301,100,0,100_vs_50,-0.37722048066875646,-0.3754277441431955,0.001792736525560945
302,100,0,50_vs_0,-0.29319419237749555,-0.29319419237749555,0.0
302,100,0,100_vs_0,-0.670414673046252,-0.6686219365206911,0.0017927365255608896
302,100,0,100_vs_50,-0.37722048066875646,-0.3754277441431955,0.001792736525560945
303,100,0,50_vs_0,-0.29319419237749555,-0.29319419237749555,0.0
303,100,0,100_vs_0,-0.670414673046252,-0.6686219365206911,0.0017927365255608896
303,100,0,100_vs_50,-0.37722048066875646,-0.3754277441431955,0.001792736525560945
304,100,1,50_vs_0,-0.29319419237749555,-0.29319419237749555,0.0
304,100,1,100_vs_0,-0.670414673046252,-0.6762555243069506,-0.005840851260698554
304,100,1,100_vs_50,-0.37722048066875646,-0.3830613319294551,-0.00584085126069861
305,100,0,50_vs_0,-0.29319419237749555,-0.29319419237749555,0.0
305,100,0,100_vs_0,-0.670414673046252,-0.6686219365206911,0.0017927365255608896
305,100,0,100_vs_50,-0.37722048066875646,-0.3754277441431955,0.001792736525560945
306,100,1,50_vs_0,-0.29319419237749555,-0.29319419237749555,0.0
306,100,1,100_vs_0,-0.670414673046252,-0.6762555243069506,-0.005840851260698554
306,100,1,100_vs_50,-0.37722048066875646,-0.3830613319294551,-0.00584085126069861
307,100,0,50_vs_0,-0.29319419237749555,-0.29319419237749555,0.0
307,100,0,100_vs_0,-0.670414673046252,-0.6686219365206911,0.0017927365255608896
307,100,0,100_vs_50,-0.37722048066875646,-0.3754277441431955,0.001792736525560945
308,100,1,50_vs_0,-0.29319419237749555,-0.29319419237749555,0.0
308,100,1,100_vs_0,-0.670414673046252,-0.6762555243069506,-0.005840851260698554
308,100,1,100_vs_50,-0.37722048066875646,-0.3830613319294551,-0.00584085126069861
309,100,1,50_vs_0,-0.29319419237749555,-0.29319419237749555,0.0
309,100,1,100_vs_0,-0.670414673046252,-0.6762555243069506,-0.005840851260698554
309,100,1,100_vs_50,-0.37722048066875646,-0.3830613319294551,-0.00584085126069861
310,100,0,50_vs_0,-0.29319419237749555,-0.29319419237749555,0.0
310,100,0,100_vs_0,-0.670414673046252,-0.6686219365206911,0.0017927365255608896
310,100,0,100_vs_50,-0.37722048066875646,-0.3754277441431955,0.001792736525560945
311,100,0,50_vs_0,-0.29319419237749555,-0.29319419237749555,0.0
311,100,0,100_vs_0,-0.670414673046252,-0.6686219365206911,0.0017927365255608896
311,100,0,100_vs_50,-0.37722048066875646,-0.3754277441431955,0.001792736525560945
312,100,0,50_vs_0,-0.29319419237749555,-0.29319419237749555,0.0
312,100,0,100_vs_0,-0.670414673046252,-0.6686219365206911,0.0017927365255608896
312,100,0,100_vs_50,-0.37722048066875646,-0.3754277441431955,0.001792736525560945
313,100,1,50_vs_0,-0.29319419237749555,-0.29319419237749555,0.0
313,100,1,100_vs_0,-0.670414673046252,-0.6762555243069506,-0.005840851260698554
313,100,1,100_vs_50,-0.37722048066875646,-0.3830613319294551,-0.00584085126069861
314,100,0,50_vs_0,-0.29319419237749555,-0.29319419237749555,0.0
314,100,0,100_vs_0,-0.670414673046252,-0.6686219365206911,0.0017927365255608896
314,100,0,100_vs_50,-0.37722048066875646,-0.3754277441431955,0.001792736525560945
315,100,0,50_vs_0,-0.29319419237749555,-0.29319419237749555,0.0
315,100,0,100_vs_0,-0.670414673046252,-0.6686219365206911,0.0017927365255608896
315,100,0,100_vs_50,-0.37722048066875646,-0.3754277441431955,0.001792736525560945
316,100,0,50_vs_0,-0.29319419237749555,-0.29319419237749555,0.0
316,100,0,100_vs_0,-0.670414673046252,-0.6686219365206911,0.0017927365255608896
316,100,0,100_vs_50,-0.37722048066875646,-0.3754277441431955,0.001792736525560945
317,100,0,50_vs_0,-0.29319419237749555,-0.29319419237749555,0.0
317,100,0,100_vs_0,-0.670414673046252,-0.6686219365206911,0.0017927365255608896
317,100,0,100_vs_50,-0.37722048066875646,-0.3754277441431955,0.001792736525560945
318,100,0,50_vs_0,-0.29319419237749555,-0.29319419237749555,0.0
318,100,0,100_vs_0,-0.670414673046252,-0.6686219365206911,0.0017927365255608896
318,100,0,100_vs_50,-0.37722048066875646,-0.3754277441431955,0.001792736525560945
319,100,0,50_vs_0,-0.29319419237749555,-0.29319419237749555,0.0
319,100,0,100_vs_0,-0.670414673046252,-0.6686219365206911,0.0017927365255608896
319,100,0,100_vs_50,-0.37722048066875646,-0.3754277441431955,0.001792736525560945
320,100,0,50_vs_0,-0.29319419237749555,-0.29319419237749555,0.0
320,100,0,100_vs_0,-0.670414673046252,-0.6686219365206911,0.0017927365255608896
320,100,0,100_vs_50,-0.37722048066875646,-0.3754277441431955,0.001792736525560945
321,100,0,50_vs_0,-0.29319419237749555,-0.29319419237749555,0.0
321,100,0,100_vs_0,-0.670414673046252,-0.6686219365206911,0.0017927365255608896
321,100,0,100_vs_50,-0.37722048066875646,-0.3754277441431955,0.001792736525560945
322,100,0,50_vs_0,-0.29319419237749555,-0.29319419237749555,0.0
322,100,0,100_vs_0,-0.670414673046252,-0.6686219365206911,0.0017927365255608896
322,100,0,100_vs_50,-0.37722048066875646,-0.3754277441431955,0.001792736525560945
323,100,0,50_vs_0,-0.29319419237749555,-0.29319419237749555,0.0
323,100,0,100_vs_0,-0.670414673046252,-0.6686219365206911,0.0017927365255608896
323,100,0,100_vs_50,-0.37722048066875646,-0.3754277441431955,0.001792736525560945
324,100,0,50_vs_0,-0.29319419237749555,-0.29319419237749555,0.0
324,100,0,100_vs_0,-0.670414673046252,-0.6686219365206911,0.0017927365255608896
324,100,0,100_vs_50,-0.37722048066875646,-0.3754277441431955,0.001792736525560945
325,100,0,50_vs_0,-0.29319419237749555,-0.29319419237749555,0.0
325,100,0,100_vs_0,-0.670414673046252,-0.6686219365206911,0.0017927365255608896
325,100,0,100_vs_50,-0.37722048066875646,-0.3754277441431955,0.001792736525560945
326,100,0,50_vs_0,-0.29319419237749555,-0.29319419237749555,0.0
326,100,0,100_vs_0,-0.670414673046252,-0.6686219365206911,0.0017927365255608896
326,100,0,100_vs_50,-0.37722048066875646,-0.3754277441431955,0.001792736525560945
327,100,0,50_vs_0,-0.29319419237749555,-0.29319419237749555,0.0
327,100,0,100_vs_0,-0.670414673046252,-0.6686219365206911,0.0017927365255608896
327,100,0,100_vs_50,-0.37722048066875646,-0.3754277441431955,0.001792736525560945
328,100,0,50_vs_0,-0.29319419237749555,-0.29319419237749555,0.0
328,100,0,100_vs_0,-0.670414673046252,-0.6686219365206911,0.0017927365255608896
328,100,0,100_vs_50,-0.37722048066875646,-0.3754277441431955,0.001792736525560945
329,100,0,50_vs_0,-0.29319419237749555,-0.29319419237749555,0.0
329,100,0,100_vs_0,-0.670414673046252,-0.6686219365206911,0.0017927365255608896
329,100,0,100_vs_50,-0.37722048066875646,-0.3754277441431955,0.001792736525560945
330,100,0,50_vs_0,-0.29319419237749555,-0.29319419237749555,0.0
330,100,0,100_vs_0,-0.670414673046252,-0.6686219365206911,0.0017927365255608896
330,100,0,100_vs_50,-0.37722048066875646,-0.3754277441431955,0.001792736525560945
331,100,0,50_vs_0,-0.29319419237749555,-0.29319419237749555,0.0
331,100,0,100_vs_0,-0.670414673046252,-0.6686219365206911,0.0017927365255608896
331,100,0,100_vs_50,-0.37722048066875646,-0.3754277441431955,0.001792736525560945
332,100,1,50_vs_0,-0.29319419237749555,-0.29319419237749555,0.0
332,100,1,100_vs_0,-0.670414673046252,-0.6762555243069506,-0.005840851260698554
332,100,1,100_vs_50,-0.37722048066875646,-0.3830613319294551,-0.00584085126069861
333,100,0,50_vs_0,-0.29319419237749555,-0.29319419237749555,0.0
333,100,0,100_vs_0,-0.670414673046252,-0.6686219365206911,0.0017927365255608896
333,100,0,100_vs_50,-0.37722048066875646,-0.3754277441431955,0.001792736525560945
334,100,1,50_vs_0,-0.29319419237749555,-0.29319419237749555,0.0
334,100,1,100_vs_0,-0.670414673046252,-0.6762555243069506,-0.005840851260698554
334,100,1,100_vs_50,-0.37722048066875646,-0.3830613319294551,-0.00584085126069861
335,100,0,50_vs_0,-0.29319419237749555,-0.29319419237749555,0.0
335,100,0,100_vs_0,-0.670414673046252,-0.6686219365206911,0.0017927365255608896
335,100,0,100_vs_50,-0.37722048066875646,-0.3754277441431955,0.001792736525560945
336,100,1,50_vs_0,-0.29319419237749555,-0.29319419237749555,0.0
336,100,1,100_vs_0,-0.670414673046252,-0.6762555243069506,-0.005840851260698554
336,100,1,100_vs_50,-0.37722048066875646,-0.3830613319294551,-0.00584085126069861
337,100,0,50_vs_0,-0.29319419237749555,-0.29319419237749555,0.0
337,100,0,100_vs_0,-0.670414673046252,-0.6686219365206911,0.0017927365255608896
337,100,0,100_vs_50,-0.37722048066875646,-0.3754277441431955,0.001792736525560945
338,100,1,50_vs_0,-0.29319419237749555,-0.29319419237749555,0.0
338,100,1,100_vs_0,-0.670414673046252,-0.6762555243069506,-0.005840851260698554
338,100,1,100_vs_50,-0.37722048066875646,-0.3830613319294551,-0.00584085126069861
339,100,0,50_vs_0,-0.29319419237749555,-0.29319419237749555,0.0
339,100,0,100_vs_0,-0.670414673046252,-0.6686219365206911,0.0017927365255608896
339,100,0,100_vs_50,-0.37722048066875646,-0.3754277441431955,0.001792736525560945
340,100,0,50_vs_0,-0.29319419237749555,-0.29319419237749555,0.0
340,100,0,100_vs_0,-0.670414673046252,-0.6686219365206911,0.0017927365255608896
340,100,0,100_vs_50,-0.37722048066875646,-0.3754277441431955,0.001792736525560945
341,100,0,50_vs_0,-0.29319419237749555,-0.29319419237749555,0.0
341,100,0,100_vs_0,-0.670414673046252,-0.6686219365206911,0.0017927365255608896
341,100,0,100_vs_50,-0.37722048066875646,-0.3754277441431955,0.001792736525560945
342,100,0,50_vs_0,-0.29319419237749555,-0.29319419237749555,0.0
342,100,0,100_vs_0,-0.670414673046252,-0.6686219365206911,0.0017927365255608896
342,100,0,100_vs_50,-0.37722048066875646,-0.3754277441431955,0.001792736525560945
343,100,0,50_vs_0,-0.29319419237749555,-0.29319419237749555,0.0
343,100,0,100_vs_0,-0.670414673046252,-0.6686219365206911,0.0017927365255608896
343,100,0,100_vs_50,-0.37722048066875646,-0.3754277441431955,0.001792736525560945
344,100,0,50_vs_0,-0.29319419237749555,-0.29319419237749555,0.0
344,100,0,100_vs_0,-0.670414673046252,-0.6686219365206911,0.0017927365255608896
344,100,0,100_vs_50,-0.37722048066875646,-0.3754277441431955,0.001792736525560945
