threshold,threshold_numeric,comparison,treatment_n,treatment_positive,treatment_prevalence,control_n,control_positive,control_prevalence,risk_difference,risk_ratio,odds_ratio,Fisher_exact_p
Pseudovulva >= 1,1,50_vs_0,116,71,0.6120689655172413,95,86,0.9052631578947369,-0.29319419237749555,0.67612269446672,0.16511627906976745,6.685459866497866e-07
Pseudovulva >= 1,1,100_vs_0,132,31,0.23484848484848486,95,86,0.9052631578947369,-0.670414673046252,0.2594256518675123,0.0321206539258577,1.8981239484781998e-25
Pseudovulva >= 1,1,100_vs_50,132,31,0.23484848484848486,116,71,0.6120689655172413,-0.37722048066875646,0.3836961160904823,0.19453353786082833,1.782075905013501e-09
Pseudovulva >= 2,2,50_vs_0,116,64,0.5517241379310345,95,72,0.7578947368421053,-0.2061705989110708,0.7279693486590038,0.39316239316239315,0.002331553764809236
Pseudovulva >= 2,2,100_vs_0,132,25,0.1893939393939394,95,72,0.7578947368421053,-0.568500797448166,0.24989478114478114,0.07463655244029076,4.251341850361669e-18
Pseudovulva >= 2,2,100_vs_50,132,25,0.1893939393939394,116,64,0.5517241379310345,-0.3623301985370951,0.34327651515151514,0.18983644859813084,3.1977552677674488e-09
Pseudovulva >= 3,3,50_vs_0,116,1,0.008620689655172414,95,5,0.05263157894736842,-0.044010889292196,0.16379310344827586,0.1565217391304348,0.0925424711027251
Pseudovulva >= 3,3,100_vs_0,132,3,0.022727272727272728,95,5,0.05263157894736842,-0.02990430622009569,0.4318181818181819,0.4186046511627907,0.2840209562228146
Pseudovulva >= 3,3,100_vs_50,132,3,0.022727272727272728,116,1,0.008620689655172414,0.014106583072100314,2.6363636363636367,2.6744186046511627,0.6251111866783619
