Concentration,Ectopic_Vulva,MUV,MUV_Binary
0,0,No,0
0,1,Yes,1
0,1,Yes,1
0,1,Yes,1
0,1,Yes,1
0,1,Yes,1
0,2,Yes,1
0,1,Yes,1
0,0,No,0
0,1,Yes,1
0,1,Yes,1
0,2,Yes,1
0,1,Yes,1
0,1,Yes,1
0,1,Yes,1
0,1,Yes,1
0,1,Yes,1
0,1,Yes,1
0,2,Yes,1
0,0,No,0
0,0,No,0
0,1,Yes,1
0,1,Yes,1
0,2,Yes,1
0,1,Yes,1
0,0,No,0
0,1,Yes,1
0,2,Yes,1
0,1,Yes,1
0,1,Yes,1
0,1,Yes,1
0,1,Yes,1
0,1,Yes,1
0,0,No,0
0,2,Yes,1
50,0,No,0
50,0,No,0
50,2,Yes,1
50,1,Yes,1
50,0,No,0
50,0,No,0
50,1,Yes,1
50,1,Yes,1
50,0,No,0
50,0,No,0
50,1,Yes,1
50,1,Yes,1
50,0,No,0
50,2,Yes,1
50,0,No,0
50,0,No,0
50,2,Yes,1
50,0,No,0
50,0,No,0
50,0,No,0
50,1,Yes,1
50,0,No,0
50,1,Yes,1
50,0,No,0
50,0,No,0
50,1,Yes,1
50,0,No,0
50,1,Yes,1
50,0,No,0
50,0,No,0
50,0,No,0
50,1,Yes,1
50,1,Yes,1
50,1,Yes,1
50,0,No,0
100,0,No,0
100,0,No,0
100,0,No,0
100,0,No,0
100,0,No,0
100,0,No,0
100,1,Yes,1
100,0,No,0
100,1,Yes,1
100,0,No,0
100,0,No,0
100,0,No,0
100,2,Yes,1
100,0,No,0
100,0,No,0
100,0,No,0
100,0,No,0
100,1,Yes,1
100,0,No,0
100,0,No,0
100,2,Yes,1
100,0,No,0
100,0,No,0
100,0,No,0
100,2,Yes,1
100,0,No,0
100,0,No,0
100,0,No,0
100,1,Yes,1
100,0,No,0
100,0,No,0
100,0,No,0
100,0,No,0
100,0,No,0
100,0,No,0
