source_row,TQ,Muv_binary,Pseudovulva
2,0.0,0.0,0.0
3,0.0,1.0,2.0
4,0.0,1.0,2.0
5,0.0,1.0,2.0
6,0.0,1.0,2.0
7,0.0,1.0,2.0
8,0.0,1.0,1.0
9,0.0,1.0,2.0
10,0.0,0.0,0.0
11,0.0,1.0,2.0
12,0.0,1.0,2.0
13,0.0,1.0,1.0
14,0.0,1.0,2.0
15,0.0,1.0,2.0
16,0.0,1.0,2.0
17,0.0,1.0,2.0
18,0.0,1.0,2.0
19,0.0,1.0,2.0
20,0.0,1.0,1.0
21,0.0,0.0,0.0
22,0.0,0.0,0.0
23,0.0,1.0,2.0
24,0.0,1.0,2.0
25,0.0,1.0,1.0
26,0.0,1.0,2.0
27,0.0,0.0,0.0
28,0.0,1.0,2.0
29,0.0,1.0,1.0
30,0.0,1.0,2.0
31,0.0,1.0,2.0
32,0.0,1.0,2.0
33,0.0,1.0,2.0
34,0.0,1.0,2.0
35,0.0,0.0,0.0
36,0.0,1.0,1.0
37,0.0,1.0,2.0
38,0.0,1.0,2.0
39,0.0,1.0,1.0
40,0.0,1.0,2.0
41,0.0,1.0,2.0
42,0.0,1.0,3.0
43,0.0,1.0,2.0
44,0.0,1.0,2.0
45,0.0,0.0,0.0
46,0.0,0.0,0.0
47,0.0,1.0,2.0
48,0.0,1.0,1.0
49,0.0,1.0,2.0
50,0.0,1.0,2.0
51,0.0,1.0,2.0
52,0.0,1.0,2.0
53,0.0,1.0,3.0
54,0.0,1.0,2.0
55,0.0,1.0,1.0
56,0.0,1.0,2.0
57,0.0,1.0,2.0
58,0.0,1.0,2.0
59,0.0,1.0,2.0
60,0.0,1.0,1.0
61,0.0,1.0,2.0
62,0.0,1.0,3.0
63,0.0,1.0,2.0
64,0.0,1.0,2.0
65,0.0,1.0,2.0
66,0.0,1.0,2.0
67,0.0,1.0,1.0
68,0.0,1.0,2.0
69,0.0,1.0,2.0
70,0.0,1.0,2.0
71,0.0,1.0,3.0
72,0.0,1.0,2.0
73,0.0,1.0,2.0
74,0.0,1.0,1.0
75,0.0,1.0,2.0
76,0.0,1.0,2.0
77,0.0,1.0,2.0
78,0.0,1.0,2.0
79,0.0,1.0,2.0
80,0.0,1.0,3.0
81,0.0,1.0,2.0
82,0.0,1.0,1.0
83,0.0,1.0,2.0
84,0.0,1.0,2.0
85,0.0,1.0,2.0
86,0.0,1.0,2.0
87,0.0,1.0,2.0
88,0.0,1.0,1.0
89,0.0,0.0,0.0
90,0.0,1.0,2.0
91,0.0,1.0,2.0
92,0.0,1.0,2.0
93,0.0,1.0,2.0
94,0.0,1.0,2.0
95,0.0,1.0,2.0
96,0.0,1.0,2.0
97,50.0,0.0,0.0
98,50.0,0.0,0.0
99,50.0,1.0,1.0
100,50.0,1.0,2.0
101,50.0,0.0,0.0
102,50.0,0.0,0.0
103,50.0,1.0,2.0
104,50.0,1.0,2.0
105,50.0,0.0,0.0
106,50.0,0.0,0.0
107,50.0,1.0,2.0
108,50.0,1.0,2.0
109,50.0,0.0,0.0
110,50.0,1.0,1.0
111,50.0,0.0,0.0
112,50.0,0.0,0.0
113,50.0,1.0,1.0
114,50.0,0.0,0.0
115,50.0,0.0,0.0
116,50.0,0.0,0.0
117,50.0,1.0,2.0
118,50.0,0.0,0.0
119,50.0,1.0,2.0
120,50.0,0.0,0.0
121,50.0,0.0,0.0
122,50.0,1.0,2.0
123,50.0,0.0,0.0
124,50.0,1.0,2.0
125,50.0,0.0,0.0
126,50.0,0.0,0.0
127,50.0,0.0,0.0
128,50.0,1.0,2.0
129,50.0,1.0,2.0
130,50.0,1.0,2.0
131,50.0,0.0,0.0
132,50.0,0.0,0.0
133,50.0,0.0,0.0
134,50.0,1.0,2.0
135,50.0,1.0,2.0
136,50.0,1.0,2.0
137,50.0,1.0,2.0
138,50.0,1.0,2.0
139,50.0,1.0,2.0
140,50.0,0.0,0.0
141,50.0,1.0,2.0
142,50.0,1.0,2.0
143,50.0,0.0,0.0
144,50.0,0.0,0.0
145,50.0,1.0,2.0
146,50.0,1.0,2.0
147,50.0,1.0,2.0
148,50.0,0.0,0.0
149,50.0,1.0,2.0
150,50.0,1.0,4.0
151,50.0,1.0,2.0
152,50.0,1.0,2.0
153,50.0,0.0,0.0
154,50.0,0.0,0.0
155,50.0,1.0,2.0
156,50.0,1.0,2.0
157,50.0,0.0,0.0
158,50.0,1.0,2.0
159,50.0,1.0,2.0
160,50.0,1.0,1.0
161,50.0,1.0,2.0
162,50.0,1.0,2.0
163,50.0,0.0,0.0
164,50.0,1.0,2.0
165,50.0,0.0,0.0
166,50.0,0.0,0.0
167,50.0,0.0,0.0
168,50.0,1.0,2.0
169,50.0,0.0,0.0
170,50.0,1.0,2.0
171,50.0,1.0,2.0
172,50.0,1.0,2.0
173,50.0,1.0,2.0
174,50.0,1.0,1.0
175,50.0,0.0,0.0
176,50.0,1.0,2.0
177,50.0,1.0,2.0
178,50.0,1.0,2.0
179,50.0,0.0,0.0
180,50.0,0.0,0.0
181,50.0,1.0,2.0
182,50.0,0.0,0.0
183,50.0,0.0,0.0
184,50.0,1.0,2.0
185,50.0,1.0,2.0
186,50.0,0.0,0.0
187,50.0,1.0,2.0
188,50.0,1.0,2.0
189,50.0,1.0,2.0
190,50.0,1.0,2.0
191,50.0,0.0,0.0
192,50.0,1.0,2.0
193,50.0,0.0,0.0
194,50.0,1.0,2.0
195,50.0,1.0,2.0
196,50.0,1.0,2.0
197,50.0,1.0,1.0
198,50.0,1.0,2.0
199,50.0,1.0,2.0
200,50.0,1.0,2.0
201,50.0,1.0,2.0
202,50.0,0.0,0.0
203,50.0,1.0,2.0
204,50.0,1.0,2.0
205,50.0,1.0,2.0
206,50.0,1.0,2.0
207,50.0,1.0,2.0
208,50.0,0.0,0.0
209,50.0,1.0,2.0
210,50.0,1.0,2.0
211,50.0,1.0,1.0
212,50.0,0.0,0.0
213,100.0,0.0,0.0
214,100.0,0.0,0.0
215,100.0,0.0,0.0
216,100.0,0.0,0.0
217,100.0,0.0,0.0
218,100.0,0.0,0.0
219,100.0,1.0,2.0
220,100.0,0.0,0.0
221,100.0,1.0,2.0
222,100.0,0.0,0.0
223,100.0,0.0,0.0
224,100.0,0.0,0.0
225,100.0,1.0,1.0
226,100.0,0.0,0.0
227,100.0,0.0,0.0
228,100.0,0.0,0.0
229,100.0,0.0,0.0
230,100.0,1.0,2.0
231,100.0,0.0,0.0
232,100.0,0.0,0.0
233,100.0,1.0,1.0
234,100.0,0.0,0.0
235,100.0,0.0,0.0
236,100.0,0.0,0.0
237,100.0,1.0,1.0
238,100.0,0.0,0.0
239,100.0,0.0,0.0
240,100.0,0.0,0.0
241,100.0,1.0,2.0
242,100.0,0.0,0.0
243,100.0,0.0,0.0
244,100.0,0.0,0.0
245,100.0,0.0,0.0
246,100.0,0.0,0.0
247,100.0,0.0,0.0
248,100.0,0.0,0.0
249,100.0,1.0,2.0
250,100.0,0.0,0.0
251,100.0,0.0,0.0
252,100.0,1.0,2.0
253,100.0,0.0,0.0
254,100.0,1.0,2.0
255,100.0,0.0,0.0
256,100.0,0.0,0.0
257,100.0,0.0,0.0
258,100.0,0.0,0.0
259,100.0,0.0,0.0
260,100.0,0.0,0.0
261,100.0,0.0,0.0
262,100.0,0.0,0.0
263,100.0,1.0,2.0
264,100.0,1.0,2.0
265,100.0,0.0,0.0
266,100.0,1.0,2.0
267,100.0,0.0,0.0
268,100.0,0.0,0.0
269,100.0,1.0,2.0
270,100.0,1.0,2.0
271,100.0,0.0,0.0
272,100.0,0.0,0.0
273,100.0,0.0,0.0
274,100.0,1.0,2.0
275,100.0,1.0,2.0
276,100.0,0.0,0.0
277,100.0,0.0,0.0
278,100.0,0.0,0.0
279,100.0,0.0,0.0
280,100.0,0.0,0.0
281,100.0,0.0,0.0
282,100.0,1.0,2.0
283,100.0,1.0,1.0
284,100.0,0.0,0.0
285,100.0,1.0,1.0
286,100.0,0.0,0.0
287,100.0,0.0,0.0
288,100.0,1.0,3.0
289,100.0,0.0,0.0
290,100.0,0.0,0.0
291,100.0,1.0,3.0
292,100.0,0.0,0.0
293,100.0,0.0,0.0
294,100.0,0.0,0.0
295,100.0,0.0,0.0
296,100.0,0.0,0.0
297,100.0,0.0,0.0
298,100.0,0.0,0.0
299,100.0,0.0,0.0
300,100.0,0.0,0.0
301,100.0,0.0,0.0
302,100.0,0.0,0.0
303,100.0,0.0,0.0
304,100.0,1.0,2.0
305,100.0,0.0,0.0
306,100.0,1.0,1.0
307,100.0,0.0,0.0
308,100.0,1.0,2.0
309,100.0,1.0,2.0
310,100.0,0.0,0.0
311,100.0,0.0,0.0
312,100.0,0.0,0.0
313,100.0,1.0,2.0
314,100.0,0.0,0.0
315,100.0,0.0,0.0
316,100.0,0.0,0.0
317,100.0,0.0,0.0
318,100.0,0.0,0.0
319,100.0,0.0,0.0
320,100.0,0.0,0.0
321,100.0,0.0,0.0
322,100.0,0.0,0.0
323,100.0,0.0,0.0
324,100.0,0.0,0.0
325,100.0,0.0,0.0
326,100.0,0.0,0.0
327,100.0,0.0,0.0
328,100.0,0.0,0.0
329,100.0,0.0,0.0
330,100.0,0.0,0.0
331,100.0,0.0,0.0
332,100.0,1.0,2.0
333,100.0,0.0,0.0
334,100.0,1.0,3.0
335,100.0,0.0,0.0
336,100.0,1.0,2.0
337,100.0,0.0,0.0
338,100.0,1.0,2.0
339,100.0,0.0,0.0
340,100.0,0.0,0.0
341,100.0,0.0,0.0
342,100.0,0.0,0.0
343,100.0,0.0,0.0
344,100.0,0.0,0.0
