omitted_source_row,omitted_TQ,omitted_Muv,Z,p,sign_preserved
2,0,0,-10.24250068080776,1.2788740437872849e-24,True
3,0,1,-10.086790360465569,6.3202338387303335e-24,True
4,0,1,-10.086790360465569,6.3202338387303335e-24,True
5,0,1,-10.086790360465569,6.3202338387303335e-24,True
6,0,1,-10.086790360465569,6.3202338387303335e-24,True
7,0,1,-10.086790360465569,6.3202338387303335e-24,True
8,0,1,-10.086790360465569,6.3202338387303335e-24,True
9,0,1,-10.086790360465569,6.3202338387303335e-24,True
10,0,0,-10.24250068080776,1.2788740437872849e-24,True
11,0,1,-10.086790360465569,6.3202338387303335e-24,True
12,0,1,-10.086790360465569,6.3202338387303335e-24,True
13,0,1,-10.086790360465569,6.3202338387303335e-24,True
14,0,1,-10.086790360465569,6.3202338387303335e-24,True
15,0,1,-10.086790360465569,6.3202338387303335e-24,True
16,0,1,-10.086790360465569,6.3202338387303335e-24,True
17,0,1,-10.086790360465569,6.3202338387303335e-24,True
18,0,1,-10.086790360465569,6.3202338387303335e-24,True
19,0,1,-10.086790360465569,6.3202338387303335e-24,True
20,0,1,-10.086790360465569,6.3202338387303335e-24,True
21,0,0,-10.24250068080776,1.2788740437872849e-24,True
22,0,0,-10.24250068080776,1.2788740437872849e-24,True
23,0,1,-10.086790360465569,6.3202338387303335e-24,True
24,0,1,-10.086790360465569,6.3202338387303335e-24,True
25,0,1,-10.086790360465569,6.3202338387303335e-24,True
26,0,1,-10.086790360465569,6.3202338387303335e-24,True
27,0,0,-10.24250068080776,1.2788740437872849e-24,True
28,0,1,-10.086790360465569,6.3202338387303335e-24,True
29,0,1,-10.086790360465569,6.3202338387303335e-24,True
30,0,1,-10.086790360465569,6.3202338387303335e-24,True
31,0,1,-10.086790360465569,6.3202338387303335e-24,True
32,0,1,-10.086790360465569,6.3202338387303335e-24,True
33,0,1,-10.086790360465569,6.3202338387303335e-24,True
34,0,1,-10.086790360465569,6.3202338387303335e-24,True
35,0,0,-10.24250068080776,1.2788740437872849e-24,True
36,0,1,-10.086790360465569,6.3202338387303335e-24,True
37,0,1,-10.086790360465569,6.3202338387303335e-24,True
38,0,1,-10.086790360465569,6.3202338387303335e-24,True
39,0,1,-10.086790360465569,6.3202338387303335e-24,True
40,0,1,-10.086790360465569,6.3202338387303335e-24,True
41,0,1,-10.086790360465569,6.3202338387303335e-24,True
42,0,1,-10.086790360465569,6.3202338387303335e-24,True
43,0,1,-10.086790360465569,6.3202338387303335e-24,True
44,0,1,-10.086790360465569,6.3202338387303335e-24,True
45,0,0,-10.24250068080776,1.2788740437872849e-24,True
46,0,0,-10.24250068080776,1.2788740437872849e-24,True
47,0,1,-10.086790360465569,6.3202338387303335e-24,True
48,0,1,-10.086790360465569,6.3202338387303335e-24,True
49,0,1,-10.086790360465569,6.3202338387303335e-24,True
50,0,1,-10.086790360465569,6.3202338387303335e-24,True
51,0,1,-10.086790360465569,6.3202338387303335e-24,True
52,0,1,-10.086790360465569,6.3202338387303335e-24,True
53,0,1,-10.086790360465569,6.3202338387303335e-24,True
54,0,1,-10.086790360465569,6.3202338387303335e-24,True
55,0,1,-10.086790360465569,6.3202338387303335e-24,True
56,0,1,-10.086790360465569,6.3202338387303335e-24,True
57,0,1,-10.086790360465569,6.3202338387303335e-24,True
58,0,1,-10.086790360465569,6.3202338387303335e-24,True
59,0,1,-10.086790360465569,6.3202338387303335e-24,True
60,0,1,-10.086790360465569,6.3202338387303335e-24,True
61,0,1,-10.086790360465569,6.3202338387303335e-24,True
62,0,1,-10.086790360465569,6.3202338387303335e-24,True
63,0,1,-10.086790360465569,6.3202338387303335e-24,True
64,0,1,-10.086790360465569,6.3202338387303335e-24,True
65,0,1,-10.086790360465569,6.3202338387303335e-24,True
66,0,1,-10.086790360465569,6.3202338387303335e-24,True
67,0,1,-10.086790360465569,6.3202338387303335e-24,True
68,0,1,-10.086790360465569,6.3202338387303335e-24,True
69,0,1,-10.086790360465569,6.3202338387303335e-24,True
70,0,1,-10.086790360465569,6.3202338387303335e-24,True
71,0,1,-10.086790360465569,6.3202338387303335e-24,True
72,0,1,-10.086790360465569,6.3202338387303335e-24,True
73,0,1,-10.086790360465569,6.3202338387303335e-24,True
74,0,1,-10.086790360465569,6.3202338387303335e-24,True
75,0,1,-10.086790360465569,6.3202338387303335e-24,True
76,0,1,-10.086790360465569,6.3202338387303335e-24,True
77,0,1,-10.086790360465569,6.3202338387303335e-24,True
78,0,1,-10.086790360465569,6.3202338387303335e-24,True
79,0,1,-10.086790360465569,6.3202338387303335e-24,True
80,0,1,-10.086790360465569,6.3202338387303335e-24,True
81,0,1,-10.086790360465569,6.3202338387303335e-24,True
82,0,1,-10.086790360465569,6.3202338387303335e-24,True
83,0,1,-10.086790360465569,6.3202338387303335e-24,True
84,0,1,-10.086790360465569,6.3202338387303335e-24,True
85,0,1,-10.086790360465569,6.3202338387303335e-24,True
86,0,1,-10.086790360465569,6.3202338387303335e-24,True
87,0,1,-10.086790360465569,6.3202338387303335e-24,True
88,0,1,-10.086790360465569,6.3202338387303335e-24,True
89,0,0,-10.24250068080776,1.2788740437872849e-24,True
90,0,1,-10.086790360465569,6.3202338387303335e-24,True
91,0,1,-10.086790360465569,6.3202338387303335e-24,True
92,0,1,-10.086790360465569,6.3202338387303335e-24,True
93,0,1,-10.086790360465569,6.3202338387303335e-24,True
94,0,1,-10.086790360465569,6.3202338387303335e-24,True
95,0,1,-10.086790360465569,6.3202338387303335e-24,True
96,0,1,-10.086790360465569,6.3202338387303335e-24,True
97,50,0,-10.140471134417437,3.653333182517488e-24,True
98,50,0,-10.140471134417437,3.653333182517488e-24,True
99,50,1,-10.120143491997345,4.4975576560511496e-24,True
100,50,1,-10.120143491997345,4.4975576560511496e-24,True
101,50,0,-10.140471134417437,3.653333182517488e-24,True
102,50,0,-10.140471134417437,3.653333182517488e-24,True
103,50,1,-10.120143491997345,4.4975576560511496e-24,True
104,50,1,-10.120143491997345,4.4975576560511496e-24,True
105,50,0,-10.140471134417437,3.653333182517488e-24,True
106,50,0,-10.140471134417437,3.653333182517488e-24,True
107,50,1,-10.120143491997345,4.4975576560511496e-24,True
108,50,1,-10.120143491997345,4.4975576560511496e-24,True
109,50,0,-10.140471134417437,3.653333182517488e-24,True
110,50,1,-10.120143491997345,4.4975576560511496e-24,True
111,50,0,-10.140471134417437,3.653333182517488e-24,True
112,50,0,-10.140471134417437,3.653333182517488e-24,True
113,50,1,-10.120143491997345,4.4975576560511496e-24,True
114,50,0,-10.140471134417437,3.653333182517488e-24,True
115,50,0,-10.140471134417437,3.653333182517488e-24,True
116,50,0,-10.140471134417437,3.653333182517488e-24,True
117,50,1,-10.120143491997345,4.4975576560511496e-24,True
118,50,0,-10.140471134417437,3.653333182517488e-24,True
119,50,1,-10.120143491997345,4.4975576560511496e-24,True
120,50,0,-10.140471134417437,3.653333182517488e-24,True
121,50,0,-10.140471134417437,3.653333182517488e-24,True
122,50,1,-10.120143491997345,4.4975576560511496e-24,True
123,50,0,-10.140471134417437,3.653333182517488e-24,True
124,50,1,-10.120143491997345,4.4975576560511496e-24,True
125,50,0,-10.140471134417437,3.653333182517488e-24,True
126,50,0,-10.140471134417437,3.653333182517488e-24,True
127,50,0,-10.140471134417437,3.653333182517488e-24,True
128,50,1,-10.120143491997345,4.4975576560511496e-24,True
129,50,1,-10.120143491997345,4.4975576560511496e-24,True
130,50,1,-10.120143491997345,4.4975576560511496e-24,True
131,50,0,-10.140471134417437,3.653333182517488e-24,True
132,50,0,-10.140471134417437,3.653333182517488e-24,True
133,50,0,-10.140471134417437,3.653333182517488e-24,True
134,50,1,-10.120143491997345,4.4975576560511496e-24,True
135,50,1,-10.120143491997345,4.4975576560511496e-24,True
136,50,1,-10.120143491997345,4.4975576560511496e-24,True
137,50,1,-10.120143491997345,4.4975576560511496e-24,True
138,50,1,-10.120143491997345,4.4975576560511496e-24,True
139,50,1,-10.120143491997345,4.4975576560511496e-24,True
140,50,0,-10.140471134417437,3.653333182517488e-24,True
141,50,1,-10.120143491997345,4.4975576560511496e-24,True
142,50,1,-10.120143491997345,4.4975576560511496e-24,True
143,50,0,-10.140471134417437,3.653333182517488e-24,True
144,50,0,-10.140471134417437,3.653333182517488e-24,True
145,50,1,-10.120143491997345,4.4975576560511496e-24,True
146,50,1,-10.120143491997345,4.4975576560511496e-24,True
147,50,1,-10.120143491997345,4.4975576560511496e-24,True
148,50,0,-10.140471134417437,3.653333182517488e-24,True
149,50,1,-10.120143491997345,4.4975576560511496e-24,True
150,50,1,-10.120143491997345,4.4975576560511496e-24,True
151,50,1,-10.120143491997345,4.4975576560511496e-24,True
152,50,1,-10.120143491997345,4.4975576560511496e-24,True
153,50,0,-10.140471134417437,3.653333182517488e-24,True
154,50,0,-10.140471134417437,3.653333182517488e-24,True
155,50,1,-10.120143491997345,4.4975576560511496e-24,True
156,50,1,-10.120143491997345,4.4975576560511496e-24,True
157,50,0,-10.140471134417437,3.653333182517488e-24,True
158,50,1,-10.120143491997345,4.4975576560511496e-24,True
159,50,1,-10.120143491997345,4.4975576560511496e-24,True
160,50,1,-10.120143491997345,4.4975576560511496e-24,True
161,50,1,-10.120143491997345,4.4975576560511496e-24,True
162,50,1,-10.120143491997345,4.4975576560511496e-24,True
163,50,0,-10.140471134417437,3.653333182517488e-24,True
164,50,1,-10.120143491997345,4.4975576560511496e-24,True
165,50,0,-10.140471134417437,3.653333182517488e-24,True
166,50,0,-10.140471134417437,3.653333182517488e-24,True
167,50,0,-10.140471134417437,3.653333182517488e-24,True
168,50,1,-10.120143491997345,4.4975576560511496e-24,True
169,50,0,-10.140471134417437,3.653333182517488e-24,True
170,50,1,-10.120143491997345,4.4975576560511496e-24,True
171,50,1,-10.120143491997345,4.4975576560511496e-24,True
172,50,1,-10.120143491997345,4.4975576560511496e-24,True
173,50,1,-10.120143491997345,4.4975576560511496e-24,True
174,50,1,-10.120143491997345,4.4975576560511496e-24,True
175,50,0,-10.140471134417439,3.653333182517384e-24,True
176,50,1,-10.120143491997345,4.4975576560511496e-24,True
177,50,1,-10.120143491997345,4.4975576560511496e-24,True
178,50,1,-10.120143491997345,4.4975576560511496e-24,True
179,50,0,-10.140471134417439,3.653333182517384e-24,True
180,50,0,-10.140471134417439,3.653333182517384e-24,True
181,50,1,-10.120143491997345,4.4975576560511496e-24,True
182,50,0,-10.140471134417439,3.653333182517384e-24,True
183,50,0,-10.140471134417439,3.653333182517384e-24,True
184,50,1,-10.120143491997345,4.4975576560511496e-24,True
185,50,1,-10.120143491997345,4.4975576560511496e-24,True
186,50,0,-10.140471134417439,3.653333182517384e-24,True
187,50,1,-10.120143491997345,4.4975576560511496e-24,True
188,50,1,-10.120143491997345,4.4975576560511496e-24,True
189,50,1,-10.120143491997345,4.4975576560511496e-24,True
190,50,1,-10.120143491997345,4.4975576560511496e-24,True
191,50,0,-10.140471134417439,3.653333182517384e-24,True
192,50,1,-10.120143491997345,4.4975576560511496e-24,True
193,50,0,-10.140471134417439,3.653333182517384e-24,True
194,50,1,-10.120143491997345,4.4975576560511496e-24,True
195,50,1,-10.120143491997345,4.4975576560511496e-24,True
196,50,1,-10.120143491997345,4.4975576560511496e-24,True
197,50,1,-10.120143491997345,4.4975576560511496e-24,True
198,50,1,-10.120143491997345,4.4975576560511496e-24,True
199,50,1,-10.120143491997345,4.4975576560511496e-24,True
200,50,1,-10.120143491997345,4.4975576560511496e-24,True
201,50,1,-10.120143491997345,4.4975576560511496e-24,True
202,50,0,-10.140471134417439,3.653333182517384e-24,True
203,50,1,-10.120143491997345,4.4975576560511496e-24,True
204,50,1,-10.120143491997345,4.4975576560511496e-24,True
205,50,1,-10.120143491997345,4.4975576560511496e-24,True
206,50,1,-10.120143491997345,4.4975576560511496e-24,True
207,50,1,-10.120143491997345,4.4975576560511496e-24,True
208,50,0,-10.140471134417439,3.653333182517384e-24,True
209,50,1,-10.120143491997345,4.4975576560511496e-24,True
210,50,1,-10.120143491997345,4.4975576560511496e-24,True
211,50,1,-10.120143491997345,4.4975576560511496e-24,True
212,50,0,-10.140471134417439,3.653333182517384e-24,True
213,100,0,-10.084282047624928,6.483742730533253e-24,True
214,100,0,-10.084282047624928,6.483742730533253e-24,True
215,100,0,-10.084282047624928,6.483742730533253e-24,True
216,100,0,-10.084282047624928,6.483742730533253e-24,True
217,100,0,-10.084282047624928,6.483742730533253e-24,True
218,100,0,-10.084282047624928,6.483742730533253e-24,True
219,100,1,-10.199113499192782,2.000904660501233e-24,True
220,100,0,-10.084282047624928,6.483742730533253e-24,True
221,100,1,-10.199113499192782,2.000904660501233e-24,True
222,100,0,-10.084282047624928,6.483742730533253e-24,True
223,100,0,-10.084282047624928,6.483742730533253e-24,True
224,100,0,-10.084282047624928,6.483742730533253e-24,True
225,100,1,-10.199113499192782,2.000904660501233e-24,True
226,100,0,-10.084282047624928,6.483742730533253e-24,True
227,100,0,-10.084282047624928,6.483742730533253e-24,True
228,100,0,-10.084282047624928,6.483742730533253e-24,True
229,100,0,-10.084282047624928,6.483742730533253e-24,True
230,100,1,-10.199113499192782,2.000904660501233e-24,True
231,100,0,-10.084282047624928,6.483742730533253e-24,True
232,100,0,-10.084282047624928,6.483742730533253e-24,True
233,100,1,-10.199113499192782,2.000904660501233e-24,True
234,100,0,-10.084282047624928,6.483742730533253e-24,True
235,100,0,-10.084282047624928,6.483742730533253e-24,True
236,100,0,-10.084282047624928,6.483742730533253e-24,True
237,100,1,-10.199113499192784,2.0009046605012043e-24,True
238,100,0,-10.084282047624928,6.483742730533253e-24,True
239,100,0,-10.084282047624928,6.483742730533253e-24,True
240,100,0,-10.084282047624928,6.483742730533253e-24,True
241,100,1,-10.199113499192784,2.0009046605012043e-24,True
242,100,0,-10.084282047624928,6.483742730533253e-24,True
243,100,0,-10.084282047624928,6.483742730533253e-24,True
244,100,0,-10.084282047624928,6.483742730533253e-24,True
245,100,0,-10.084282047624928,6.483742730533253e-24,True
246,100,0,-10.084282047624928,6.483742730533253e-24,True
247,100,0,-10.084282047624928,6.483742730533253e-24,True
248,100,0,-10.084282047624928,6.483742730533253e-24,True
249,100,1,-10.199113499192784,2.0009046605012043e-24,True
250,100,0,-10.084282047624928,6.483742730533253e-24,True
251,100,0,-10.084282047624928,6.483742730533253e-24,True
252,100,1,-10.199113499192784,2.0009046605012043e-24,True
253,100,0,-10.084282047624926,6.483742730533437e-24,True
254,100,1,-10.199113499192784,2.0009046605012043e-24,True
255,100,0,-10.084282047624926,6.483742730533437e-24,True
256,100,0,-10.084282047624926,6.483742730533437e-24,True
257,100,0,-10.084282047624926,6.483742730533437e-24,True
258,100,0,-10.084282047624926,6.483742730533437e-24,True
259,100,0,-10.084282047624926,6.483742730533437e-24,True
260,100,0,-10.084282047624926,6.483742730533437e-24,True
261,100,0,-10.084282047624926,6.483742730533437e-24,True
262,100,0,-10.084282047624926,6.483742730533437e-24,True
263,100,1,-10.199113499192784,2.0009046605012043e-24,True
264,100,1,-10.199113499192784,2.0009046605012043e-24,True
265,100,0,-10.084282047624926,6.483742730533437e-24,True
266,100,1,-10.199113499192784,2.0009046605012043e-24,True
267,100,0,-10.084282047624926,6.483742730533437e-24,True
268,100,0,-10.084282047624926,6.483742730533437e-24,True
269,100,1,-10.199113499192784,2.0009046605012043e-24,True
270,100,1,-10.199113499192784,2.0009046605012043e-24,True
271,100,0,-10.084282047624926,6.483742730533437e-24,True
272,100,0,-10.084282047624926,6.483742730533437e-24,True
273,100,0,-10.084282047624926,6.483742730533437e-24,True
274,100,1,-10.199113499192784,2.0009046605012043e-24,True
275,100,1,-10.199113499192784,2.0009046605012043e-24,True
276,100,0,-10.084282047624926,6.483742730533437e-24,True
277,100,0,-10.084282047624926,6.483742730533437e-24,True
278,100,0,-10.084282047624926,6.483742730533437e-24,True
279,100,0,-10.084282047624926,6.483742730533437e-24,True
280,100,0,-10.084282047624926,6.483742730533437e-24,True
281,100,0,-10.084282047624926,6.483742730533437e-24,True
282,100,1,-10.199113499192784,2.0009046605012043e-24,True
283,100,1,-10.199113499192784,2.0009046605012043e-24,True
284,100,0,-10.084282047624926,6.483742730533437e-24,True
285,100,1,-10.199113499192784,2.0009046605012043e-24,True
286,100,0,-10.084282047624926,6.483742730533437e-24,True
287,100,0,-10.084282047624926,6.483742730533437e-24,True
288,100,1,-10.199113499192784,2.0009046605012043e-24,True
289,100,0,-10.084282047624926,6.483742730533437e-24,True
290,100,0,-10.084282047624926,6.483742730533437e-24,True
291,100,1,-10.199113499192784,2.0009046605012043e-24,True
292,100,0,-10.084282047624926,6.483742730533437e-24,True
293,100,0,-10.084282047624926,6.483742730533437e-24,True
294,100,0,-10.084282047624926,6.483742730533437e-24,True
295,100,0,-10.084282047624926,6.483742730533437e-24,True
296,100,0,-10.084282047624926,6.483742730533437e-24,True
297,100,0,-10.084282047624926,6.483742730533437e-24,True
298,100,0,-10.084282047624926,6.483742730533437e-24,True
299,100,0,-10.084282047624926,6.483742730533437e-24,True
300,100,0,-10.084282047624926,6.483742730533437e-24,True
301,100,0,-10.084282047624926,6.483742730533437e-24,True
302,100,0,-10.084282047624926,6.483742730533437e-24,True
303,100,0,-10.084282047624926,6.483742730533437e-24,True
304,100,1,-10.199113499192784,2.0009046605012043e-24,True
305,100,0,-10.084282047624926,6.483742730533437e-24,True
306,100,1,-10.199113499192784,2.0009046605012043e-24,True
307,100,0,-10.084282047624926,6.483742730533437e-24,True
308,100,1,-10.199113499192784,2.0009046605012043e-24,True
309,100,1,-10.199113499192784,2.0009046605012043e-24,True
310,100,0,-10.084282047624926,6.483742730533437e-24,True
311,100,0,-10.084282047624926,6.483742730533437e-24,True
312,100,0,-10.084282047624926,6.483742730533437e-24,True
313,100,1,-10.199113499192784,2.0009046605012043e-24,True
314,100,0,-10.084282047624926,6.483742730533437e-24,True
315,100,0,-10.084282047624926,6.483742730533437e-24,True
316,100,0,-10.084282047624926,6.483742730533437e-24,True
317,100,0,-10.084282047624926,6.483742730533437e-24,True
318,100,0,-10.084282047624926,6.483742730533437e-24,True
319,100,0,-10.084282047624926,6.483742730533437e-24,True
320,100,0,-10.084282047624926,6.483742730533437e-24,True
321,100,0,-10.084282047624926,6.483742730533437e-24,True
322,100,0,-10.084282047624926,6.483742730533437e-24,True
323,100,0,-10.084282047624926,6.483742730533437e-24,True
324,100,0,-10.084282047624926,6.483742730533437e-24,True
325,100,0,-10.084282047624926,6.483742730533437e-24,True
326,100,0,-10.084282047624926,6.483742730533437e-24,True
327,100,0,-10.084282047624926,6.483742730533437e-24,True
328,100,0,-10.084282047624926,6.483742730533437e-24,True
329,100,0,-10.084282047624926,6.483742730533437e-24,True
330,100,0,-10.084282047624926,6.483742730533437e-24,True
331,100,0,-10.084282047624926,6.483742730533437e-24,True
332,100,1,-10.199113499192784,2.0009046605012043e-24,True
333,100,0,-10.084282047624926,6.483742730533437e-24,True
334,100,1,-10.199113499192784,2.0009046605012043e-24,True
335,100,0,-10.084282047624926,6.483742730533437e-24,True
336,100,1,-10.199113499192784,2.0009046605012043e-24,True
337,100,0,-10.084282047624926,6.483742730533437e-24,True
338,100,1,-10.199113499192784,2.0009046605012043e-24,True
339,100,0,-10.084282047624926,6.483742730533437e-24,True
340,100,0,-10.084282047624926,6.483742730533437e-24,True
341,100,0,-10.084282047624926,6.483742730533437e-24,True
342,100,0,-10.084282047624926,6.483742730533437e-24,True
343,100,0,-10.084282047624926,6.483742730533437e-24,True
344,100,0,-10.084282047624926,6.483742730533437e-24,True
