comparison,quantity,independent,stage9A,absolute_difference,within_1e-12
50_vs_0,RD,-0.29319419237749555,-0.2931941923774955,5.551115123125783e-17,True
50_vs_0,RR,0.67612269446672,0.67612269446672,0.0,True
50_vs_0,OR,0.16511627906976745,0.1651162790697674,5.551115123125783e-17,True
50_vs_0,Fisher_p,6.685459866497866e-07,6.685459866497866e-07,0.0,True
100_vs_0,RD,-0.670414673046252,-0.670414673046252,0.0,True
100_vs_0,RR,0.2594256518675123,0.2594256518675123,0.0,True
100_vs_0,OR,0.0321206539258577,0.0321206539258577,0.0,True
100_vs_0,Fisher_p,1.8981239484781998e-25,1.8981239484782e-25,2.2958874039497803e-41,True
100_vs_50,RD,-0.37722048066875646,-0.3772204806687564,5.551115123125783e-17,True
100_vs_50,RR,0.3836961160904823,0.3836961160904823,0.0,True
100_vs_50,OR,0.19453353786082833,0.1945335378608283,2.7755575615628914e-17,True
100_vs_50,Fisher_p,1.782075905013501e-09,1.782075905013501e-09,0.0,True
