Threshold,Treatment_uM,Comparator_uM,Treatment_events,Treatment_N,Comparator_events,Comparator_N,Risk_difference,Odds_ratio,Fisher_exact_P,Holm_adjusted_P_within_threshold
>=1,50,0,71,116,86,95,-0.29319419237749555,0.16511627906976745,6.685459866497866e-07,6.685459866497866e-07
>=1,100,0,31,132,86,95,-0.670414673046252,0.0321206539258577,1.8981239484781998e-25,5.694371845434599e-25
>=1,100,50,31,132,71,116,-0.37722048066875646,0.19453353786082833,1.782075905013501e-09,3.564151810027002e-09
>=2,50,0,64,116,72,95,-0.2061705989110708,0.39316239316239315,0.002331553764809236,0.002331553764809236
>=2,100,0,25,132,72,95,-0.568500797448166,0.07463655244029076,4.251341850361669e-18,1.2754025551085007e-17
>=2,100,50,25,132,64,116,-0.3623301985370951,0.18983644859813084,3.1977552677674488e-09,6.3955105355348976e-09
>=3,50,0,1,116,5,95,-0.044010889292196,0.1565217391304348,0.0925424711027251,0.2776274133081753
>=3,100,0,3,132,5,95,-0.02990430622009569,0.4186046511627907,0.2840209562228146,0.5680419124456292
>=3,100,50,3,132,1,116,0.014106583072100314,2.6744186046511627,0.6251111866783619,0.6251111866783619
>=4,50,0,1,116,0,95,0.008620689655172414,inf,1.0,1.0
>=4,100,0,0,132,0,95,0.0,,1.0,1.0
>=4,100,50,0,132,1,116,-0.008620689655172414,0.0,0.46774193548387094,1.0
