Thymoquinone Concentration,Amount of Ectopic Vulva or Extra Pseudovulva,Multivulva presence (Yes or No)
0 ?M,0,No
0 ?M,1,Yes
0 ?M,1,Yes
0 ?M,1,Yes
0 ?M,1,Yes
0 ?M,1,Yes
0 ?M,2,Yes
0 ?M,1,Yes
0 ?M,0,No
0 ?M,1,Yes
0 ?M,1,Yes
0 ?M,2,Yes
0 ?M,1,Yes
0 ?M,1,Yes
0 ?M,1,Yes
0 ?M,1,Yes
0 ?M,1,Yes
0 ?M,1,Yes
0 ?M,2,Yes
0 ?M,0,No
0 ?M,0,No
0 ?M,1,Yes
0 ?M,1,Yes
0 ?M,2,Yes
0 ?M,1,Yes
0 ?M,0,No
0 ?M,1,Yes
0 ?M,2,Yes
0 ?M,1,Yes
0 ?M,1,Yes
0 ?M,1,Yes
0 ?M,1,Yes
0 ?M,1,Yes
0 ?M,0,No
0 ?M,2,Yes
50 ?M,0,No
50 ?M,0,No
50 ?M,2,Yes
50 ?M,1,Yes
50 ?M,0,No
50 ?M,0,No
50 ?M,1,Yes
50 ?M,1,Yes
50 ?M,0,No
50 ?M,0,No
50 ?M,1,Yes
50 ?M,1,Yes
50 ?M,0,No
50 ?M,2,Yes
50 ?M,0,No
50 ?M,0,No
50 ?M,2,Yes
50 ?M,0,No
50 ?M,0,No
50 ?M,0,No
50 ?M,1,Yes
50 ?M,0,No
50 ?M,1,Yes
50 ?M,0,No
50 ?M,0,No
50 ?M,1,Yes
50 ?M,0,No
50 ?M,1,Yes
50 ?M,0,No
50 ?M,0,No
50 ?M,0,No
50 ?M,1,Yes
50 ?M,1,Yes
50 ?M,1,Yes
50 ?M,0,No
100 ?M,0,No
100 ?M,0,No
100 ?M,0,No
100 ?M,0,No
100 ?M,0,No
100 ?M,0,No
100 ?M,1,Yes
100 ?M,0,No
100 ?M,1,Yes
100 ?M,0,No
100 ?M,0,No
100 ?M,0,No
100 ?M,2,Yes
100 ?M,0,No
100 ?M,0,No
100 ?M,0,No
100 ?M,0,No
100 ?M,1,Yes
100 ?M,0,No
100 ?M,0,No
100 ?M,2,Yes
100 ?M,0,No
100 ?M,0,No
100 ?M,0,No
100 ?M,2,Yes
100 ?M,0,No
100 ?M,0,No
100 ?M,0,No
100 ?M,1,Yes
100 ?M,0,No
100 ?M,0,No
100 ?M,0,No
100 ?M,0,No
100 ?M,0,No
100 ?M,0,No
