File,SHA256,Bytes
FIGURES/F1_EXPERIMENTAL_DESIGN.pdf,f2bc04365c67bee0070f1cd5307c3826e60057a03aecae270b0543d484715b3f,18869
FIGURES/F1_EXPERIMENTAL_DESIGN.png,ce9bfd2eae5c359da46b4d87547d63efeaa152863cda32d70c0a3bad09895a3c,283878
FIGURES/F2_MUV_PREVALENCE.pdf,a284078d3a7fdea72cbb86f37303fb4e3040e0f631a5d98ca043342fc8aefda9,15862
FIGURES/F2_MUV_PREVALENCE.png,be02ecc3442ebb16968dce9a6df50bf2b0b7d9080fd412aefef48730cf92e953,211283
FIGURES/F3_WHOLE_ANIMAL_PSEUDOVULVA_DISTRIBUTION.pdf,766910f55df10d8dd97a7561d1838fd0a3a005b8b3ef2ee6b2ad05c9bcd559b3,14990
FIGURES/F3_WHOLE_ANIMAL_PSEUDOVULVA_DISTRIBUTION.png,7cafa1c94627325e3fcb82566cf4be1cd5d36ffd98645148077481576725e879,187217
FIGURES/F4_CONDITIONAL_SEVERITY.pdf,0315985736cf1a1a9a4926ed9dadc1c19e2ebdabfb9cef16e19af665f8972d4e,19083
FIGURES/F4_CONDITIONAL_SEVERITY.png,524e8f2ac84c75e76262cedf3789f2ee6d277320d574b895bd9801bcbe1e68d6,272554
FIGURES/F5_PAIRWISE_RISK_DIFFERENCES.pdf,b7eca3553c8bc6329caf230c67f711600196823b4b56d5ea198d6b1d792fa9b6,14290
FIGURES/F5_PAIRWISE_RISK_DIFFERENCES.png,b3ae848ac9f6c2ab4cb1c2a836acd6d5c331b033de38f3e7090799c7e6849653,171115
FIGURES/F6_PERMUTATION_ROBUSTNESS.pdf,315d29dcf5409beebf0cebb323ad9879e06b6d0e268ab635f4ff9df73c1038c0,8859
FIGURES/F6_PERMUTATION_ROBUSTNESS.png,386ab627712273cdbe2886e14b504a4c6b4c3ccf500c6c3b841c113171de6b4e,96795
FIGURES/F7_THRESHOLD_ROBUSTNESS.pdf,2dbd0e690fbb731268261f1d694eb5096a7d040a889dab471d0cd58a57cdc28a,15613
FIGURES/F7_THRESHOLD_ROBUSTNESS.png,c742ff17402ccc13a87b1c4fdf0e66bbbf58090ab11b9de87b7278ad409011ae,357456
NUMERICAL_QC.csv,32af1f146f95d6acf30cb773adebc5c1486fdb0e2124314a5dad66adccf6ca7f,484
PUBLICATION_ARTIFACT_INDEX.csv,71df22a2613cd5d3dfff3ecc632a7c65d23136a37a9ae68a45038c27fd72b573,1191
SUPPLEMENTARY_FIGURES/S1_DETAILED_PSEUDOVULVA_DISTRIBUTION.pdf,4913aaf072ff2f6e296829f60fd4e2ee8ac2a116789c8f4a1c0648d43c20f697,14095
SUPPLEMENTARY_FIGURES/S1_DETAILED_PSEUDOVULVA_DISTRIBUTION.png,d0690c697cae5e364618cdfa2c18d18c36aeb8ee7e21f9194f8101d89e5e1d26,209349
SUPPLEMENTARY_FIGURES/S2_LEAVE_ONE_OUT_EFFECT_SENSITIVITY.pdf,741e20fced589e19f31ea8a1651bfb94d5e9fc4f4284b03b370fd6ec44d53ff3,20465
SUPPLEMENTARY_FIGURES/S2_LEAVE_ONE_OUT_EFFECT_SENSITIVITY.png,a9bebf77fd0a4d7c8dfa28fb8bb079da1cc52c6f3dcc72005e610855742c1367,767974
SUPPLEMENTARY_FIGURES/S3_BAYESIAN_POSTERIOR_CONTRASTS.pdf,634c458d3309e86ba07177e16990afc8c9a48ca99c697a322c97d37cc2b3602c,9488
SUPPLEMENTARY_FIGURES/S3_BAYESIAN_POSTERIOR_CONTRASTS.png,b32f8e7fa3ca59c3260a4c4601a5f9cf7b0547262bc75d975e3708f6a6fcc358,96824
SUPPLEMENTARY_TABLES/S1_COMPLETE_PSEUDOVULVA_DISTRIBUTION.csv,b11c591c48cd59a6089f257e4f68a6ac75ff8d87d9e2a8575038e2672707d123,404
SUPPLEMENTARY_TABLES/S2A_THRESHOLD_PREVALENCE.csv,c14ca9a4bc34431c8f9da75afaf64131c2ace0d0740421fc94a7079367e7933a,887
SUPPLEMENTARY_TABLES/S2B_THRESHOLD_EFFECTS.csv,51f339a245686d154f7ef58f9da5c6f8b8b14a1b948d213f15245faa054e4fca,1273
SUPPLEMENTARY_TABLES/S3_01_OBSERVED_TEST_STATISTICS.csv,248a17eed41f2b139f98cc1a88e67b20a35f9dde8011ade1c527426eb4e2038f,365
SUPPLEMENTARY_TABLES/S3_02_PERMUTATION_P_VALUES.csv,7580accfbd3c0608c35581ae4e35a257de1f77663806c234187437271af0e59a,700
SUPPLEMENTARY_TABLES/S3_04_STRICT_ORDERING_PERMUTATION.csv,aa8827b08f62b28aa23dc150c7bd4c0fb672a619716a101f277894afc8b09df7,167
SUPPLEMENTARY_TABLES/S3_05_THRESHOLD2_ORDERING_PERMUTATION.csv,d5b29bf6ff814e62f64bf17ae1e21d1867feae80c6d85d51b59b41b87494f193,181
SUPPLEMENTARY_TABLES/S4_01_CORE_DATA_INTEGRITY.csv,a9db9113487ed8e81944cc393a1b998c5f368f144fc8ca8f8c650e389db0e53a,579
SUPPLEMENTARY_TABLES/S4_02_SOURCE_ROW_STRUCTURE.csv,bda7e700cdf49e37834c213c21e831d33bf85e41ac518cd5a748fb3740596ee5,127
SUPPLEMENTARY_TABLES/S4_05_TREATMENT_GROUP_STRUCTURE.csv,5039632c885302a1354c828b2ae52a64104145b8f2537686476b194cf38981bb,256
SUPPLEMENTARY_TABLES/S4_06_SOURCE_ROW_TREATMENT_BLOCKS.csv,b3918db2a4ef67817ce775fdf7be176122203b10d077266d32e51dc813bac548,99
SUPPLEMENTARY_TABLES/S4_10_METADATA_AVAILABILITY.csv,173f7d070f5852e4203fc82820420da973a4c25e9366aea59f6282f03c4178ad,457
SUPPLEMENTARY_TABLES/S4_12_EXPERIMENTAL_UNIT_VARIABLE_AUDIT.csv,5ecc4b8955c3a69ff50b0cb56d3ff050f265ce774b294b5490b5a23d513c48b6,1197
SUPPLEMENTARY_TABLES/S4_13_INFERENCE_BOUNDARIES.csv,5525232c2689e9dc8055a970f38d7c4eee6f2c8f82b281073c95a60cb9c83359,998
SUPPLEMENTARY_TABLES/S4_14_PSEUDOREPLICATION_RISK_MATRIX.csv,d10a5b288bdbd9681b1c90c43f440d696eb4174b57a4acbf69e6495a0eda0952,671
SUPPLEMENTARY_TABLES/S4_16_MANUSCRIPT_SAFE_TERMINOLOGY.csv,9b38fbffe33ea60fdf21cd5b583a5eba2332d01b35cad890fe138c2bed9c32c6,684
TABLES/T1_PRIMARY_MUV_OUTCOME.csv,c9634b4370e5908820e6a73dcd7961b4c6c22db6175f61ae950d526d1890f9c5,478
TABLES/T2_PAIRWISE_EFFECT_SIZES.csv,cd0974d8fbe316fc74d91ff2aff1c1f98099c6e64e5bf033f6fd834b3cb468c7,981
TABLES/T3A_PSEUDOVULVA_DISTRIBUTION.csv,b11c591c48cd59a6089f257e4f68a6ac75ff8d87d9e2a8575038e2672707d123,404
TABLES/T3B_CONDITIONAL_SEVERITY.csv,d6bb87c6623473fe809aac28257bacf3a0256abbcc7f994537501759e8f665f3,247
TABLES/T3C_CONDITIONAL_SEVERITY_STATISTICS.csv,619ab2031a843bfbc8d9fc8c62e655d81936583c69d2ba48ac3977ecdf193fcf,300
