Concentration,Ectopic_Vulva,MUV,MUV_Binary,Dose,Predicted
0,0,No,0,0,0.8025573844007485
0,1,Yes,1,0,0.8025573844007485
0,1,Yes,1,0,0.8025573844007485
0,1,Yes,1,0,0.8025573844007485
0,1,Yes,1,0,0.8025573844007485
0,1,Yes,1,0,0.8025573844007485
0,2,Yes,1,0,0.8025573844007485
0,1,Yes,1,0,0.8025573844007485
0,0,No,0,0,0.8025573844007485
0,1,Yes,1,0,0.8025573844007485
0,1,Yes,1,0,0.8025573844007485
0,2,Yes,1,0,0.8025573844007485
0,1,Yes,1,0,0.8025573844007485
0,1,Yes,1,0,0.8025573844007485
0,1,Yes,1,0,0.8025573844007485
0,1,Yes,1,0,0.8025573844007485
0,1,Yes,1,0,0.8025573844007485
0,1,Yes,1,0,0.8025573844007485
0,2,Yes,1,0,0.8025573844007485
0,0,No,0,0,0.8025573844007485
0,0,No,0,0,0.8025573844007485
0,1,Yes,1,0,0.8025573844007485
0,1,Yes,1,0,0.8025573844007485
0,2,Yes,1,0,0.8025573844007485
0,1,Yes,1,0,0.8025573844007485
0,0,No,0,0,0.8025573844007485
0,1,Yes,1,0,0.8025573844007485
0,2,Yes,1,0,0.8025573844007485
0,1,Yes,1,0,0.8025573844007485
0,1,Yes,1,0,0.8025573844007485
0,1,Yes,1,0,0.8025573844007485
0,1,Yes,1,0,0.8025573844007485
0,1,Yes,1,0,0.8025573844007485
0,0,No,0,0,0.8025573844007485
0,2,Yes,1,0,0.8025573844007485
50,0,No,0,1,0.4805995169127888
50,0,No,0,1,0.4805995169127888
50,2,Yes,1,1,0.4805995169127888
50,1,Yes,1,1,0.4805995169127888
50,0,No,0,1,0.4805995169127888
50,0,No,0,1,0.4805995169127888
50,1,Yes,1,1,0.4805995169127888
50,1,Yes,1,1,0.4805995169127888
50,0,No,0,1,0.4805995169127888
50,0,No,0,1,0.4805995169127888
50,1,Yes,1,1,0.4805995169127888
50,1,Yes,1,1,0.4805995169127888
50,0,No,0,1,0.4805995169127888
50,2,Yes,1,1,0.4805995169127888
50,0,No,0,1,0.4805995169127888
50,0,No,0,1,0.4805995169127888
50,2,Yes,1,1,0.4805995169127888
50,0,No,0,1,0.4805995169127888
50,0,No,0,1,0.4805995169127888
50,0,No,0,1,0.4805995169127888
50,1,Yes,1,1,0.4805995169127888
50,0,No,0,1,0.4805995169127888
50,1,Yes,1,1,0.4805995169127888
50,0,No,0,1,0.4805995169127888
50,0,No,0,1,0.4805995169127888
50,1,Yes,1,1,0.4805995169127888
50,0,No,0,1,0.4805995169127888
50,1,Yes,1,1,0.4805995169127888
50,0,No,0,1,0.4805995169127888
50,0,No,0,1,0.4805995169127888
50,0,No,0,1,0.4805995169127888
50,1,Yes,1,1,0.4805995169127888
50,1,Yes,1,1,0.4805995169127888
50,1,Yes,1,1,0.4805995169127888
50,0,No,0,1,0.4805995169127888
100,0,No,0,2,0.17398595582931992
100,0,No,0,2,0.17398595582931992
100,0,No,0,2,0.17398595582931992
100,0,No,0,2,0.17398595582931992
100,0,No,0,2,0.17398595582931992
100,0,No,0,2,0.17398595582931992
100,1,Yes,1,2,0.17398595582931992
100,0,No,0,2,0.17398595582931992
100,1,Yes,1,2,0.17398595582931992
100,0,No,0,2,0.17398595582931992
100,0,No,0,2,0.17398595582931992
100,0,No,0,2,0.17398595582931992
100,2,Yes,1,2,0.17398595582931992
100,0,No,0,2,0.17398595582931992
100,0,No,0,2,0.17398595582931992
100,0,No,0,2,0.17398595582931992
100,0,No,0,2,0.17398595582931992
100,1,Yes,1,2,0.17398595582931992
100,0,No,0,2,0.17398595582931992
100,0,No,0,2,0.17398595582931992
100,2,Yes,1,2,0.17398595582931992
100,0,No,0,2,0.17398595582931992
100,0,No,0,2,0.17398595582931992
100,0,No,0,2,0.17398595582931992
100,2,Yes,1,2,0.17398595582931992
100,0,No,0,2,0.17398595582931992
100,0,No,0,2,0.17398595582931992
100,0,No,0,2,0.17398595582931992
100,1,Yes,1,2,0.17398595582931992
100,0,No,0,2,0.17398595582931992
100,0,No,0,2,0.17398595582931992
100,0,No,0,2,0.17398595582931992
100,0,No,0,2,0.17398595582931992
100,0,No,0,2,0.17398595582931992
100,0,No,0,2,0.17398595582931992
