Concentration,Ectopic_Vulva,MUV,MUV_Binary,Dose,Predicted_Severity
0,0,No,0,0,1
0,1,Yes,1,0,1
0,1,Yes,1,0,1
0,1,Yes,1,0,1
0,1,Yes,1,0,1
0,1,Yes,1,0,1
0,2,Yes,1,0,1
0,1,Yes,1,0,1
0,0,No,0,0,1
0,1,Yes,1,0,1
0,1,Yes,1,0,1
0,2,Yes,1,0,1
0,1,Yes,1,0,1
0,1,Yes,1,0,1
0,1,Yes,1,0,1
0,1,Yes,1,0,1
0,1,Yes,1,0,1
0,1,Yes,1,0,1
0,2,Yes,1,0,1
0,0,No,0,0,1
0,0,No,0,0,1
0,1,Yes,1,0,1
0,1,Yes,1,0,1
0,2,Yes,1,0,1
0,1,Yes,1,0,1
0,0,No,0,0,1
0,1,Yes,1,0,1
0,2,Yes,1,0,1
0,1,Yes,1,0,1
0,1,Yes,1,0,1
0,1,Yes,1,0,1
0,1,Yes,1,0,1
0,1,Yes,1,0,1
0,0,No,0,0,1
0,2,Yes,1,0,1
50,0,No,0,1,0
50,0,No,0,1,0
50,2,Yes,1,1,0
50,1,Yes,1,1,0
50,0,No,0,1,0
50,0,No,0,1,0
50,1,Yes,1,1,0
50,1,Yes,1,1,0
50,0,No,0,1,0
50,0,No,0,1,0
50,1,Yes,1,1,0
50,1,Yes,1,1,0
50,0,No,0,1,0
50,2,Yes,1,1,0
50,0,No,0,1,0
50,0,No,0,1,0
50,2,Yes,1,1,0
50,0,No,0,1,0
50,0,No,0,1,0
50,0,No,0,1,0
50,1,Yes,1,1,0
50,0,No,0,1,0
50,1,Yes,1,1,0
50,0,No,0,1,0
50,0,No,0,1,0
50,1,Yes,1,1,0
50,0,No,0,1,0
50,1,Yes,1,1,0
50,0,No,0,1,0
50,0,No,0,1,0
50,0,No,0,1,0
50,1,Yes,1,1,0
50,1,Yes,1,1,0
50,1,Yes,1,1,0
50,0,No,0,1,0
100,0,No,0,2,0
100,0,No,0,2,0
100,0,No,0,2,0
100,0,No,0,2,0
100,0,No,0,2,0
100,0,No,0,2,0
100,1,Yes,1,2,0
100,0,No,0,2,0
100,1,Yes,1,2,0
100,0,No,0,2,0
100,0,No,0,2,0
100,0,No,0,2,0
100,2,Yes,1,2,0
100,0,No,0,2,0
100,0,No,0,2,0
100,0,No,0,2,0
100,0,No,0,2,0
100,1,Yes,1,2,0
100,0,No,0,2,0
100,0,No,0,2,0
100,2,Yes,1,2,0
100,0,No,0,2,0
100,0,No,0,2,0
100,0,No,0,2,0
100,2,Yes,1,2,0
100,0,No,0,2,0
100,0,No,0,2,0
100,0,No,0,2,0
100,1,Yes,1,2,0
100,0,No,0,2,0
100,0,No,0,2,0
100,0,No,0,2,0
100,0,No,0,2,0
100,0,No,0,2,0
100,0,No,0,2,0
