threshold,endpoint,TQ,n,positive,prevalence,exact_95CI_low,exact_95CI_high
1,Pseudovulva >= 1,0,95,86,0.9052631578947369,0.8277652986819433,0.9557588906706195
1,Pseudovulva >= 1,50,116,71,0.6120689655172413,0.5171501164889389,0.7011200979118315
1,Pseudovulva >= 1,100,132,31,0.23484848484848486,0.16548615759421337,0.31648248621971786
2,Pseudovulva >= 2,0,95,72,0.7578947368421053,0.659193944310996,0.8399187944769726
2,Pseudovulva >= 2,50,116,64,0.5517241379310345,0.45659904865688444,0.6441441270416703
2,Pseudovulva >= 2,100,132,25,0.1893939393939394,0.12647581022558393,0.2667576747385564
3,Pseudovulva >= 3,0,95,5,0.05263157894736842,0.017307875846439967,0.11856278880488619
3,Pseudovulva >= 3,50,116,1,0.008620689655172414,0.00021823314906306443,0.04709553622664744
3,Pseudovulva >= 3,100,132,3,0.022727272727272728,0.004711659031655991,0.06498149536917237
4,Pseudovulva >= 4,0,95,0,0.0,0.0,0.03808607757001057
4,Pseudovulva >= 4,50,116,1,0.008620689655172414,0.00021823314906306443,0.04709553622664744
4,Pseudovulva >= 4,100,132,0,0.0,0.0,0.027559177723457548
