threshold,endpoint,comparison,treatment_n,treatment_positive,treatment_prevalence,control_n,control_positive,control_prevalence,risk_difference,RD_CI_low,RD_CI_high,risk_ratio,RR_CI_low,RR_CI_high,odds_ratio,Fisher_exact_p
1,Pseudovulva >= 1,50_vs_0,116,71,0.6120689655172413,95,86,0.9052631578947369,-0.29319419237749555,-0.3942304956584564,-0.18039386841092658,0.67612269446672,0.5768395485954501,0.7924940290346512,0.16511627906976745,6.685459866497866e-07
1,Pseudovulva >= 1,100_vs_0,132,31,0.23484848484848486,95,86,0.9052631578947369,-0.670414673046252,-0.7482816506306454,-0.5609462161692161,0.2594256518675123,0.18937924255310723,0.35538038878791284,0.0321206539258577,1.8981239484781998e-25
1,Pseudovulva >= 1,100_vs_50,132,31,0.23484848484848486,116,71,0.6120689655172413,-0.37722048066875646,-0.4827128009997972,-0.2566670568457171,0.3836961160904823,0.2730211863922293,0.5392354763685516,0.19453353786082833,1.782075905013501e-09
2,Pseudovulva >= 2,50_vs_0,116,64,0.5517241379310345,95,72,0.7578947368421053,-0.2061705989110708,-0.3238829498353846,-0.07703877438290863,0.7279693486590038,0.5962735507324769,0.8887521036880199,0.39316239316239315,0.002331553764809236
2,Pseudovulva >= 2,100_vs_0,132,25,0.1893939393939394,95,72,0.7578947368421053,-0.568500797448166,-0.6631347589860248,-0.4472551216322263,0.24989478114478114,0.172477304277562,0.362061558794446,0.07463655244029076,4.251341850361669e-18
2,Pseudovulva >= 2,100_vs_50,132,25,0.1893939393939394,116,64,0.5517241379310345,-0.3623301985370951,-0.46704945048148316,-0.2444649432255151,0.34327651515151514,0.2326077607226709,0.5065985996703821,0.18983644859813084,3.1977552677674488e-09
3,Pseudovulva >= 3,50_vs_0,116,1,0.008620689655172414,95,5,0.05263157894736842,-0.044010889292196,-0.10911617565427127,0.00484097970015486,0.16379310344827586,0.01946793642780872,1.3780700813721185,0.1565217391304348,0.0925424711027251
3,Pseudovulva >= 3,100_vs_0,132,3,0.022727272727272728,95,5,0.05263157894736842,-0.02990430622009569,-0.09633002624029557,0.021645760894257758,0.4318181818181819,0.10575764350587222,1.763153337833277,0.4186046511627907,0.2840209562228146
3,Pseudovulva >= 3,100_vs_50,132,3,0.022727272727272728,116,1,0.008620689655172414,0.014106583072100314,-0.027293219052030842,0.056664425633155824,2.6363636363636367,0.27804198251537576,24.997711353738232,2.6744186046511627,0.6251111866783619
4,Pseudovulva >= 4,50_vs_0,116,1,0.008620689655172414,95,0,0.0,0.008620689655172414,-0.03088688600570209,0.04721983412817875,,,,inf,1.0
4,Pseudovulva >= 4,100_vs_0,132,0,0.0,95,0,0.0,0.0,-0.038864853539472964,0.02827898679860847,,,,,1.0
4,Pseudovulva >= 4,100_vs_50,132,0,0.0,116,1,0.008620689655172414,-0.008620689655172414,-0.04721983412817875,0.020535318101564646,,,,0.0,0.46774193548387094
