threshold,TQ,posterior_mean,posterior_median,CrI_low,CrI_high
1,0,0.9010137881779259,0.9037779806263613,0.8341734309660553,0.9521657346723382
1,50,0.6111332580859284,0.611745852652399,0.5215259682326364,0.697101390557281
1,100,0.23691115053878917,0.2355807446391457,0.16883816594812476,0.31241472925820263
2,0,0.7552391110235517,0.757037538234688,0.6649997318791782,0.8353847821750271
2,50,0.5512913804641398,0.5515492115053897,0.46096050612793316,0.6397159855596639
2,100,0.19171551038168133,0.19015263421474526,0.12977469410335823,0.2625298797128759
3,0,0.05723572542652776,0.05419625338919376,0.020343847787845298,0.11143731832789704
3,50,0.012828836082786442,0.010166489702197776,0.0009334606575957616,0.03967067374214776
3,100,0.026286035597092725,0.023959146826145195,0.0064392789007207815,0.059291156408384844
4,0,0.005211301418769466,0.0023841735530505948,5.1592439453874025e-06,0.026045223881603748
4,50,0.012826149533676268,0.010172091132910479,0.000930095502710254,0.039635667849510364
4,100,0.003768826185762439,0.0017175701767316283,3.749810833971632e-06,0.018928571395067095
