threshold,comparison,full_RD,LOO_min_RD,LOO_max_RD,max_absolute_change,all_LOO_same_direction
1,50_vs_0,-0.29319419237749555,-0.30282465150403526,-0.2878718535469108,0.009630459126539703,True
1,100_vs_0,-0.670414673046252,-0.6800451321727917,-0.6686219365206911,0.009630459126539703,True
1,100_vs_50,-0.37722048066875646,-0.3830613319294551,-0.3738471673254282,0.00584085126069861,True
2,50_vs_0,-0.2061705989110708,-0.21423330887747616,-0.2013729977116705,0.008062709966405346,True
2,100_vs_0,-0.568500797448166,-0.5765635074145712,-0.5659252095422309,0.008062709966405235,True
2,100_vs_50,-0.3623301985370951,-0.3685180310608055,-0.3584321475625823,0.006187832523710413,True
3,50_vs_0,-0.044010889292196,-0.05263157894736842,-0.03393250183418929,0.01007838745800671,True
3,100_vs_0,-0.02990430622009569,-0.037364403374849336,-0.019825918762088973,0.010078387458006717,True
3,100_vs_50,0.014106583072100314,0.00664648591734667,0.022727272727272728,0.008620689655172414,False
4,50_vs_0,0.008620689655172414,0.0,0.008695652173913044,0.008620689655172414,False
4,100_vs_0,0.0,0.0,0.0,0.0,False
4,100_vs_50,-0.008620689655172414,-0.008695652173913044,0.0,0.008620689655172414,False
